"municipalities","Y2020_pop","Y2030_pop","Y2040_pop","Y2050_pop","Y2020_water","Y2030_water","Y2040_water","Y2050_water"
"Aguilar",907.080808080808,1398.26728826729,2123.26562326562,3116.7417027417,304.148685915377,327.346383092315,361.586518982642,408.5062901365
"Akron",1441.94405594406,1218.54245754246,933.53846153846,583.381368631367,329.409144326803,318.858359975823,305.398224853602,288.861046952183
"Alamosa",8760.83116883117,9000.75324675325,9185.98751248751,9315.40860609978,675.064682020954,686.395693631016,695.143915694589,701.256199845378
"Alma",302.407592407592,382.553446553446,481.155594405594,599.465681377446,275.591250574592,279.376369525253,284.033140139138,289.620674978266
"Animas City",7100.28571428572,8568.28571428572,10215.0714285714,12049.6428571429,596.640637066657,665.971167994173,743.745369557712,830.388292696205
"Antonito",591.664335664336,426.010989010989,246.73926073926,56.6830669330657,289.25223394268,281.428777216934,272.962153169677,263.986201655613
"Arriba",208.866666666667,224.912121212121,256.593939393939,306.540326340326,271.173510761874,271.931303597439,273.427568771346,275.786430845531
"Arvada",106250.333333333,92198.7272727273,64461.034965035,20763.0745920747,5279.2873965469,4615.65980215582,3305.66734003296,1241.90521938795
"Aspen",7953.55244755245,8843.24575424576,9524.28371628372,9935.54045954047,636.938617747971,678.956948344499,711.12092892344,730.543713908121
"Ault/Bergdorf",1912.01515151515,2333.21212121212,2855.20512820513,3489.58741258741,351.609606608563,371.501847435641,396.154471628608,426.115003363781
"Aurora",420944.757575757,509305.694638694,605002.159174159,707817.817848818,20141.6385632063,24314.7384813441,28834.2798261192,33690.0456323701
"Basalt",5729.0202020202,8099.04584304584,11031.0062160062,14582.2408702409,531.87867112118,643.809962677129,782.280241502591,949.997533073627
"Bayfield",3342.48484848485,4632.06060606061,6239.22144522145,8198.6013986014,419.167660809265,480.071592651213,555.974395284001,648.511760717627
"Bennett",2663.61111111111,2818.61111111111,2792.53535353535,2541.96969696969,387.105891977611,394.426213703609,393.194710899069,381.361025611672
"Berthoud",7341.94405594406,9543.21778221778,12195.1958041958,15340.7417582418,608.053648735755,712.015144757109,837.262450119396,985.819923587314
"Bethune",254.920634920635,248.539682539683,217.134920634921,155.155844155844,273.348542144958,273.047183278204,271.564002885486,268.636862368666
"Black Hawk",326.122344322344,464.158058608059,638.709933204051,851.598732313438,276.711248082129,283.230382522447,291.474097876761,301.528384982194
"Blanca",560.166666666667,758.363636363637,1021.84848484849,1358.87878787879,287.764665744732,297.125088862795,309.56892022302,325.486147639745
"Blue River",946.4,926.399999999999,756.828571428569,403.18571428571,306.00564807573,305.061090433665,297.052590997021,280.350787833235
"Bonanza",110.692307692308,229.419580419581,397.766233766234,622.363386613387,266.536943710675,272.144181349474,280.0948372462,290.702085101583
"Boone",394.333333333333,509.47619047619,692.690476190474,954.531746031742,279.932708629283,285.370661911453,294.023484596791,306.38969321861
"Boulder",106704.286713287,108110.131868132,104963.191808192,96525.4717782218,5300.7266532557,5367.1217424841,5218.49842834737,4820.00278155204
"Bow Mar",1112.66666666667,1628.38095238095,2508.45238095238,3840.65873015873,313.858070606757,338.214164091414,379.778073762391,442.695358159859
"Branson",133.452380952381,208.690476190476,314.183982683983,453.341991341992,267.611853767262,271.165189658837,276.147424546167,282.719562572785
"Breckenridge",5988.32467532468,8288.34265734266,11091.1753246753,14442.1289298936,544.125072215239,652.750050305253,785.121901073071,943.380342873655
"Brighton",42184.9090909091,55466.5564435564,71540.5184815185,90680.248001998,2253.61309353342,2880.87716884069,3640.01635290107,4543.94524218164
"Brookside",280.666666666667,335.787878787879,405.393939393939,490.941724941725,274.564472696885,277.167730804331,280.455077628304,284.495318358345
"Broomfield",91770,150184,238260.571428571,362771.714285714,4595.41192106502,7354.18142624205,11513.8513577258,17394.2489331191
"Brush",6258.41958041958,7131.03396603397,8163.84915084915,9377.85464535465,556.88108254974,598.092811875103,646.870485657962,704.205394025119
"Buena Vista",2412.31968031968,2263.82817182817,1958.17207792208,1470.23539695598,375.237929910646,368.224990454281,353.789500487156,330.745284444656
"Burlington",4460.5034965035,4820.03796203796,5171.07592407592,5511.42507492507,471.969313707082,488.949365057385,505.528144542266,521.602114112498
"Calhan",882.722222222222,885.388888888889,829.055555555556,700.333333333333,302.998281494246,303.124222513188,300.463718488041,294.384440552866
"Campo",113,123.071428571429,147.642857142857,188.880952380953,266.645931130913,267.121583372095,268.282039903774,270.22962780384
"Canon City",19411.9020979021,22145.6083916084,25226.3946053946,28682.2318416877,1178.09220413207,1307.19936267604,1452.69837076593,1615.91024432947
"Carbondale",9267.1048951049,12421.1538461538,16227.1728271728,20745.5779220779,698.974917877364,847.933969885263,1027.68418560342,1241.07888872015
"Castle Rock",63670.1908091908,90922.0819180819,124491.548201798,165000.722938826,3268.31744547873,4555.36654585902,6140.78134177412,8053.94387035288
"Cedaredge",3036.33333333333,3906.45454545455,4959.81818181818,6214.64102564103,404.708773145969,445.802755167534,495.550888797527,554.813514126009
"Center",2794.83333333333,3383.87878787879,4176.03263403263,5204.44988344988,393.303239618044,421.12260889875,458.534357352509,507.104325960897
"Central City",1544.20879120879,2398.1978021978,3489.65820943762,4839.92334626158,334.238891187202,374.57098351563,426.118346949076,489.888509639076
"Cheraw",288.166666666667,322.075757575757,360.090909090909,401.960372960373,274.918681812659,276.52013636034,278.315511454234,280.292917557585
"Cherry Hills Village",5946.42857142857,5918.78571428572,5976.30952380953,6214.00000000002,542.14640795985,540.840894361712,543.55762205603,554.783239842611
"Cheyenne Wells",571.293706293706,210.979020979021,-264.461538461539,-867.083916083917,288.290172260396,271.273272782298,248.819222093954,220.358643490847
"Coal Creek",524.757575757576,731.351981351981,993.698634698634,1316.31734931735,286.092369373896,295.849385604492,308.23946241892,323.476061037222
"Cokedale",167.428571428571,198.571428571429,229.809523809524,257.809523809524,269.216477285388,270.687288470888,272.162597549921,273.484978248811
"Collbran",1013.13636363636,1493.54545454545,2130.02097902098,2943.09090909091,309.157465189545,331.846169096311,361.905560127821,400.305130926831
"Colorado Springs",559870.346653347,696863.716283716,855047.952797203,1035948.03665452,26702.799905282,33172.7066151069,40643.4130877524,49186.9409206271
"Columbine Valley",1638.6,2452.6,3877.31428571428,6091.24285714285,338.696788067573,377.140284099588,444.426522416064,548.985679972425
"Commerce City",95132.6666666667,179234.666666667,306769.166666667,486552.777777778,4754.22354595076,8726.18288659511,14749.3672166872,23240.1664063325
"Como",8680.48484848485,11797.7056277056,15563.4956709957,20036.7792207792,671.270095476211,818.489830926933,996.340119116885,1207.6038272203
"Cortez",7519.09090909091,6192.97602397602,4086.65534465535,1097.30194805195,616.419919431129,553.790321981609,454.313257267094,313.132427487472
"Craig",10103.4848484848,10012.4545454545,9381.52447552448,8122.1421911422,738.475371709082,734.176203289747,704.378712331719,644.900754282038
"Crawford",592.1,788.039393939394,1037.69090909091,1347.57202797203,289.272809446562,298.526612042906,310.31712436737,324.952153315899
"Creede",-3.47474747474729,-353.982905982906,-825.046176046175,-1433.48662448662,261.145075489174,244.591317502937,222.343996921235,193.608643155464
"Crested Butte",2469.8041958042,3472.02197802198,4762.54845154845,6374.06718281718,377.952801830709,425.285425091033,486.234257233815,562.342873881293
"Crestone",165.818181818182,232.121212121212,315.645687645687,417.750582750583,269.140421994728,272.271773692965,276.216457775768,281.038655723942
"Cripple Creek",116.161616161619,-1257.43045843045,-3394.74148074148,-6440.35575535575,266.795247566249,201.923403009508,100.982730029908,-42.8551818634351
"Crook",102.566666666667,105.657575757576,122.581818181818,156.066666666667,266.153186894303,266.29916398444,267.098460110338,268.679878586824
"Crowley",264,387.787878787879,578,845.741258741259,273.777341328498,279.623580673698,288.606896308906,301.251748910904
"Dacono",5455.22727272727,6934.72727272727,8638.65734265734,10579.993006993,518.948010935841,588.821662507543,669.294670962318,760.979842840324
"De Beque",809.979797979798,1165.60450660451,1633.09168609169,2226.71017871018,299.562810858223,316.35821267014,338.436642067724,366.471986251396
"Deer Trail",682.031746031746,851.150793650794,1096.89754689755,1432.91341991342,293.520095345485,301.507229787845,313.11332847743,328.982646513031
"Del Norte",1255.65734265734,889.706293706293,420.334415584415,-161.495519186697,320.611217394303,303.328124398896,281.160684676393,253.682089112903
"Delagua",21941.0285714286,31456.1,43328.6,57810.0285714286,1297.53749104789,1746.9141626801,2307.62719295049,2991.554394208
"Delta",11218.8041958042,14903.4605394605,19586.5884115884,25387.5462037962,791.149542351712,965.168057740766,1186.34226875989,1460.30921945599
"Denver",581302.58041958,583251.719280719,577840.493506494,564613.095404596,27714.9989148022,27807.0526151388,27551.4918822398,26926.7898841511
"Dillon",1075.83916083916,1286.37162837163,1525.57242757243,1795.2544955045,312.11878550338,322.061788058902,333.358735202552,346.095248112198
"Dinosaur",423.4,612.4,945.971428571429,1464.11428571429,281.30546573575,290.231535453257,305.985407554828,330.456197324593
"Dolores",996.343434343434,1103.78632478632,1253.71106671107,1454.15573315573,308.364370704731,313.438670867396,320.519298903372,329.985875978439
"Dove Creek",1032.28571428571,1542.26190476191,2344.76190476191,3498.55844155844,310.061848464366,334.14694386362,372.047319251448,426.538686062369
"Durango",17909.9090909091,19631.1678321678,21396.8871128871,23199.969030969,1107.15625547795,1188.44766037924,1271.83884239642,1356.99458264603
"Eads",533.866666666667,459.003030303031,406.412121212122,385.855011655013,286.522572445418,282.986921453418,280.503164199172,279.532295452626
"Eagle",9161.65656565656,13308.5353535353,18536.9612609613,24967.6584526584,693.994816606197,889.843119096448,1136.77060143774,1440.47881024867
"East Canon",16936.0793650794,23453.9841269841,31525.9206349207,41319.1111111111,1061.16433999786,1368.99117765306,1750.2116433945,2212.72328861833
"Eaton",5900.80808080808,8148.26728826729,11011.5013875014,14563.3301143301,539.991848807335,646.134587288997,781.359069761522,949.104418122991
"Eckley",358.2,468.078787878788,618.018181818182,813.053146853147,278.22620782262,283.415550262204,290.4968702818,299.707958616476
"Edgewater",4173.24242424243,2805.06060606061,808.682983682984,-1895.5641025641,458.402581653494,393.786252048645,299.501565065504,171.785702498271
"Eldora",-14723.4,-20163.4,-26792.5428571429,-34727.8285714286,-434.045818905184,-690.965497546658,-1004.04587484915,-1378.81261301874
"Elizabeth",1846.0505050505,2256.15306915307,2722.97857697857,3249.5752025752,348.49423606235,367.862511610011,389.909691656366,414.779735005993
"Empire",285.559440559441,206.979020979021,89.5704295704296,-72.0579420579421,274.79554804545,271.084361253885,265.539402140936,257.906036461137
"Englewood",19358.3181818182,6364.15151515153,-11690.7505827506,-35412.9463869464,1175.56154926063,561.874577897805,-290.820209766952,-1411.16927643682
"Erie",23067.4585414585,33417.9110889111,46274.4398101898,61891.1415790092,1350.73639286999,1839.56634549597,2446.75296820108,3184.29671817991
"Estes Park",8142.16666666667,10543.5,13463.3333333333,16957.8181818182,645.846467851287,759.256355408467,897.153899836162,1062.19101827187
"Eureka",-4239.14285714286,-5562.85714285714,-7123.71428571428,-8940.71428571428,61.1034413774334,-1.41278084661849,-75.1287579694321,-160.941819750968
"Evans",24381.5594405594,33568.1668331668,44806.9370629371,58299.8998501498,1412.79859520445,1846.66260607101,2377.44592146769,3014.6899772052
"Fairplay",644.556443556444,675.808191808192,702.050699300699,722.050008814715,291.750216178399,293.226170060352,294.465548110301,295.410073142174
"Federal Heights",6374.85714285713,-4240.2142857143,-21840.6190476191,-47796.3571428572,562.380182020926,61.0528400751794,-770.177000988872,-1996.01153965263
"Firestone",14437.6060606061,22321.2424242424,32509.4172494172,45282.8554778555,943.166737336173,1315.49418606259,1796.66010555286,2399.9225402582
"Flagler",588.466666666667,637.542424242425,722.58787878788,850.765034965036,289.101214808253,291.418958901167,295.435475601854,301.489011222114
"Fleming",407.733333333333,393.20303030303,361.490909090909,308.593473193473,280.565562249466,279.879326811027,278.381630489178,275.883396623052
"Florence",5030.94405594406,6295.44555444555,7937.20579420579,10002.9975024975,498.910013195231,558.629740885795,636.166599930933,733.729567179927
"Florissant",-756.071428571433,-1139.50000000001,-1627.42857142858,-2232.35714285715,225.601528163071,207.493008796639,184.449175750422,155.879680498129
"Fort Collins",191200.015984016,240992.426573427,299050.626873127,366018.114929189,9291.28099347863,11642.87109043,14384.836929309,17547.5695599689
"Fort Lupton",9630.88811188811,11804.6373626374,14344.0889110889,17281.3284215784,716.155628750729,818.81720208706,938.750120424149,1077.46972173444
"Fort Morgan",12721.8321678322,14001.0799200799,15410.986013986,16968.5294705295,862.134370212479,922.550532236435,989.137411016032,1062.6968897523
"Fountain",35328.0757575758,48367.2121212121,64313.303030303,83458.1165501166,1929.77937726538,2545.59017217491,3298.69027363656,4202.85926943829
"Fowler",1048.5,884.121212121212,654.254079254079,350.407925407925,310.827614838468,303.064352824259,292.208214973807,277.858204642446
"Fraser",1566.66666666667,1908.52380952381,2227.45238095238,2501.89682539682,335.299529081615,351.444717920614,366.507038891388,379.468468757492
"Frederick",12868.1363636364,19979.6060606061,29214.0885780886,40833.9417249417,869.044007523124,1204.90365995217,1641.02871157201,2189.80976604823
"Freshwater",-111.135929776717,-181.497471734561,-272.742116925175,-387.535026418954,256.060465864324,252.737439256139,248.428147910527,243.00672191467
"Frisco",3799.27712890976,4845.82643766936,6061.11122014612,7457.18536286403,440.74099277483,490.167300144127,547.562626572767,613.496251592391
"Fruita",17613.7373737374,25149.9634809635,34644.0400710401,46316.0285270285,1093.16869253706,1449.08869063228,1897.47382050729,2448.71711521676
"Garden City",281.428571428571,253.119047619048,185.571428571428,70.3766233766231,274.600455845154,273.26345699228,270.073326003546,264.632919324903
"Genoa",169.865079365079,183.650793650794,206.352092352092,239.307359307359,269.331548394957,269.982618483951,271.054752742606,272.611160205049
"Georgetown",1981.75750915751,2710.24102564103,3605.51736694678,4680.95857932917,354.903390452896,389.308124083513,431.590129580496,482.380940367827
"Gilcrest",1037.76666666667,830.069696969696,468.81212121212,-71.6750582750608,310.320702237227,300.511614239184,283.450184042413,257.924119251294
"Glendale",3364,864.999999999997,-3630.5,-10551.5,420.183775848455,302.161298472528,89.8483544775381,-237.015817558793
"Glenwood Springs",12075.048951049,14909.4985014985,18258.2277722278,22167.3329170829,831.588168703905,965.453217900039,1123.60660909362,1308.22536600389
"Golden",22183.4025974026,25179.2037962038,28244.9463036963,31352.8135834753,1308.98430297147,1450.46964879311,1595.25817449577,1742.03616397761
"Goldfield",-9023.19047619054,-13066.8333333334,-18168.3333333334,-24451.8571428573,-164.836995551103,-355.809683675742,-596.742724225281,-893.500245894199
"Granada",468.939393939394,376.351981351981,251.275058275057,90.4382284382272,283.456194863771,279.083487457851,273.176369280942,265.580386443554
"Granby",2361.90909090909,2957.30303030303,3660.66666666667,4482.30303030303,372.857144537209,400.976339311873,434.194714205742,472.998859519272
"Grand Junction",72817.6363636364,93051.1368631369,117529.817182817,146682.99025974,3700.33192566964,4655.91730179533,5811.99352997541,7188.83615098687
"Grand Lake",438.571428571428,310.857142857143,53.4523809523818,-364.476190476189,282.021980175659,275.990304947048,263.833623199005,244.095741900012
"Grand Valley",414.281385281386,417.363636363638,407.456709956713,381.984848484852,280.874812874875,281.0203810656,280.552497913248,279.349515842706
"Greeley",114254.643356643,137575.989010989,164124.535464535,194126.044955045,5657.31400664535,6758.73176969704,8012.56339161678,9429.47114475296
"Green Mountain Falls",713.434343434343,641.926184926185,500.505272505272,278.230658230658,295.00317351335,291.625994633908,284.946984455165,274.449425177666
"Greenwood Village",17956.3333333333,22821.7619047619,28804.9761904762,36114.0317460317,1109.34877412589,1339.13266107892,1621.70719996289,1966.8984140265
"Grover",123.5,95.2575757575757,51.8787878787877,-9.46386946386971,267.141823892997,265.807994010566,263.759305730847,260.86222194197
"Gunnison",5627.21878121878,5251.42457542458,4564.08066933067,3524.04740847388,527.070805621632,509.322841175312,476.861044213948,427.742475986784
"Gypsum",10201.2666666667,15261.8575757576,21759.2363636364,29868.8610722611,743.093399890011,982.094390717143,1288.95183009099,1671.95222973122
"Hartman",98.4666666666667,117.057575757576,149.830303030303,199.014452214452,265.959552577679,266.837561840416,268.385348340254,270.708211539269
"Haswell",82.2936507936508,118.436507936508,182.241702741703,278.865800865801,265.195735290775,266.902685886791,269.916070104624,274.479421619158
"Haxtun",1231.89393939394,1568.81818181818,2059.47552447553,2728.86247086247,319.488922186608,335.401140585535,358.573847717631,390.187575503023
"Hayden",1983.93939393939,2103,2184.46853146853,2220.70163170163,355.006436250138,360.629416516305,364.477002715623,366.188215301665
"Hillrose",326.031746031746,388.81746031746,461.367243867244,543.61038961039,276.706969316742,279.672205628793,283.098578252896,286.982747843851
"Holly",870.373737373737,908.774669774669,995.397713397712,1140.57697857698,302.415088707669,304.228683415753,308.319706307404,315.176215527121
"Holyoke",2435.0979020979,2534.92707292707,2619.63736263736,2687.58191808192,376.313697083309,381.02841739369,385.029104969057,388.237982423147
"Hooper",162.666666666667,217.351981351981,290.012321012321,382.691974691975,268.991582608706,271.574254203441,275.005848158499,279.382911915848
"Hot Sulphur Springs",888.266666666667,1181.96363636364,1558.11515151515,2027.50909090909,303.260133862796,317.130819721716,334.895659132236,357.064140761895
"Hotchkiss",1219.9898989899,1495.23931623932,1850.56832056832,2296.48196248196,318.926719569854,331.926166596688,348.70760292099,369.767159829501
"Hudson",3376.96666666667,4736.3303030303,6450.8,8561.37575757576,420.79616405306,484.996029606636,565.96680232465,665.644825373336
"Hugo",954.090909090909,1201.93939393939,1567.85547785548,2071.41491841492,306.368873423542,318.074232445426,335.355674116284,359.137720006984
"Idaho Springs",2074.1988011988,2299.64135864136,2607.01548451548,3007.76739437033,359.269196894891,369.916371418834,384.433000397195,403.359664348457
"Ignacio",730.333333333333,771.454545454545,831.333333333333,914.666666666666,295.801277015962,297.743344773964,300.571293108387,304.506949950321
"Iliff",376.4,536.354545454546,759.157575757576,1053.84988344988,279.085755276899,286.640069691499,297.162584938889,311.080278503305
"Ironton",-2613.09984067976,-3666.95910780669,-4965.36218799787,-6533.5023898035,137.898009253704,88.1264680324558,26.8056404387391,-47.2543001334444
"Jamestown",280.566433566434,290.457542457543,292.761238761239,285.823676323676,274.559738899844,275.026875024423,275.135673721856,274.808027340971
"Johnstown",14544.3939393939,22086.303030303,31841.7365967366,44083.62004662,948.210102685619,1304.39849606422,1765.12696240546,2343.28519069782
"Julesburg",1059.9020979021,929.848151848152,821.947052947052,746.565934065933,311.366111773917,305.223939342624,300.127998964916,296.56790836959
"Keenesburg",1550.43333333333,2116.69090909091,2849.32727272727,3770.52074592075,334.532863128807,361.276009156736,395.87687296308,439.38288970931
"Keota",23.5238095238093,24.6320346320343,20.2424242424237,8.41558441558362,262.420160156059,262.472499280814,262.265187278854,261.706630681859
"Kersey",1826.98484848485,2130.78787878788,2443.14452214452,2759.46153846154,347.593805481847,361.941779179597,376.6937219062,391.63270466006
"Kiowa",1098.76666666667,1566.20606060606,2167.99393939394,2920.80046620047,313.201603045523,335.277775632889,363.698942623425,399.252400517972
"Kit Carson",243.214285714286,252.285714285714,272.214285714286,304.712121212122,272.795676064781,273.22410042386,274.165284645774,275.700088589276
"Kokomo",-8328.78571428572,-11171.380952381,-14589.2142857143,-18635.2857142857,-132.041729323953,-266.291482095867,-427.708511810963,-618.795896220709
"Kremmling",1627.28787878788,1674.06060606061,1668.73892773893,1602.57575757576,338.16254054063,340.371517389912,340.120185793544,336.995439393504
"La Jara",896.313131313131,996.993783993783,1147.41103341103,1356.83139083139,303.640151346467,308.395085341344,315.498973463111,325.389453413372
"La Junta",6320.28671328671,5502.12687312687,4553.84215784216,3484.11963036963,559.802936206853,521.162979734201,476.377501000456,425.856771589834
"La Salle",1758.73333333333,1408.82424242424,841.157575757575,22.9174825174809,344.370430970906,327.844965678609,301.035271271352,262.391524615688
"La Veta",1036.85314685315,1267.8961038961,1576.97652347652,1974.63533525298,310.277558631175,321.189228167177,335.786441783532,354.567025263414
"Lafayette",36623.3636363636,48226.027972028,62117.6443556444,78503.3613886114,1990.9530804945,2538.9223438224,3194.99396461088,3968.85667682044
"Lake City",618.594405594406,825.193806193806,1073.25274725275,1365.01423576424,290.524084110369,300.281336244472,311.996634667451,325.775911849129
"Lakeside",-4.90909090909093,-22.4848484848485,-46.904428904429,-79.3939393939395,261.077334486561,260.247268679899,259.093983614833,257.559572843843
"Lakewood",128981.6,93218.6000000002,31021.8857142862,-62808.042857142,6352.83697873691,4663.82623107975,1726.40714158688,-2704.98166273734
"Lamar",7065,5695.64535464535,3789.79020979021,1293.53596403596,594.974167512443,530.302447764148,440.292945677129,322.400144459005
"Las Animas",2081.97202797203,1811.43256743257,1548.97502497503,1307.40709290709,359.636309932498,346.859304185874,334.46399031359,323.055248497969
"Leadville",1587.03296703296,359.824175824169,-1322.93406593408,-3539.82886231418,336.261386314194,278.302914206959,198.829806356992,94.1305602783285
"Limon",1830.69696969697,1687.69696969697,1482.59906759907,1210.80652680653,347.769121104806,341.015533964047,331.329194424151,318.493008351068
"Littleton",47310.8741258741,49506.5074925075,49970.7412587413,48390.6610889111,2495.70156586994,2599.39667965118,2621.3214572312,2546.69761725684
"Log Lane Village",565.666666666666,-131.476190476192,-1300.61904761905,-3039.31746031746,288.0244190963,255.099838430061,199.883697411105,117.768653763143
"Longmont",115801.975024975,146524.207792208,182397.340909091,223823.552697303,5730.39120425188,7181.33719133019,8875.54929284718,10832.0215391635
"Louisville",28656.3356643357,37857.8371628372,48907.1698301698,61972.1693306693,1614.68722271857,2049.25465066233,2571.09123119428,3188.1234872824
"Loveland",88456.5004995005,113403.298701299,142870.381368631,177240.170138685,4438.92235730638,5617.10680163353,7008.77470777192,8631.98703971631
"Lyons",2467.91608391608,3031.59040959041,3698.54645354645,4477.52197802198,377.86363030506,404.484774902614,435.983696314595,472.773060545813
"Manassa",1239.16683316683,1467.17282717283,1771.46228771229,2162.2862431686,319.832405556264,330.600645760005,344.971592527612,363.429380219014
"Mancos",1672.29292929293,2128.10878010878,2714.5226995227,3448.04206904207,340.288033759932,361.815251023038,389.510338472801,424.152904776884
"Manitou Springs",4439.79020979021,3558.71528471528,2198.5044955045,294.612387612388,470.991069044217,429.379766358682,365.139891570318,275.223099561554
"Manzanola",532.606060606061,630.969696969697,777.11655011655,978.561771561772,286.463036691009,291.108542912434,298.010749262609,307.52458043128
"Marble",371.484848484848,628.107226107225,968.447885447884,1402.13153513153,278.853623080622,290.973354476017,307.046923010288,327.528883287638
"Mead",5391.40909090909,8107.75757575757,11583.1491841492,15907.1981351981,515.93401336889,644.221399362553,808.356784506165,1012.57245857482
"Meeker",2594.95104895105,2741.22377622378,2892.24375624375,3049.97777222777,383.863222656717,390.771373775268,397.903727586881,405.35317109744
"Merino",282.533333333333,296.245454545455,312.2,330.470396270397,274.652631410144,275.300225854135,276.053725245873,276.91659736691
"Milliken",8274.03333333333,12163.7909090909,17160.503030303,23400.5286713287,652.074251237964,835.779263435918,1071.76339440022,1366.4665896956
"Minturn",1000.36363636364,872.606060606061,666.368298368299,371.018648018649,308.554236331772,302.520516606101,292.780343885906,278.831605419968
"Moffat",110.571428571429,94.7142857142857,64.0952380952381,15.0476190476191,266.531234845805,265.782335572454,264.336262801389,262.019847631565
"Monte Vista",4871.77622377622,5205.26473526474,5613.34665334665,6110.84540459541,491.392853582985,507.14280968634,526.415654401966,549.911466772437
"Montezuma",106.685314685315,154.827172827173,216.691308691309,293.678071928072,266.347701917352,268.621339917905,271.543052032914,275.178973810567
"Montrose",23835.6013986014,31124.1758241758,40068.006993007,50840.983016983,1387.01415316555,1731.23808683707,2153.63629082966,2662.42113239073
"Monument",7033.15184815185,10006.992007992,13672.5789210789,18098.1853146853,593.470046751754,733.918219214482,907.036125784828,1116.04814277729
"Morrison",359.005152710435,258.173742224163,116.492662799385,-70.9033295635943,278.264233479904,273.502179513158,266.810882197828,257.960566363895
"Mountain View",487.166666666667,520.424242424242,607.710955710955,760.874125874125,284.317030351198,285.887715218115,290.010081822397,297.243653965418
"Naturita",744.333333333333,1089.04761904762,1642.61904761904,2442.26984126984,296.462467365407,312.742593010415,338.886599174693,376.652412580972
"Nederland",1945.82088182088,2345.98560898561,2801.75496125496,3316.55442530442,353.206179653855,372.105112210254,393.630133445489,417.943021840414
"Nevadaville",10946.8787878788,14594.4783549784,18932.7510822511,24017.5909090909,778.307081245343,950.575483560049,1155.46291645527,1395.60913231097
"New Castle",6158.46153846154,8960.36063936064,12481.5744255744,16799.3371628372,552.160275928878,684.488036331236,850.787505886746,1054.70629539183
"Northglenn",47794.2,67970.2,98861.6285714286,142742.485714286,2518.52802327059,3471.397772585,4930.33451915623,7002.73446688698
"Norwood",551.575757575758,616.757575757576,702.079254079254,810.7668997669,287.358935303028,290.437334527392,294.466896692016,299.599984008628
"Nucla",299.4,-150.009090909091,-753.630303030302,-1528.88205128205,275.449208354952,254.224568793385,225.716817352327,189.103319185584
"Nunn",508.863636363636,570.515151515152,636.053613053613,705.25641025641,285.341732278043,288.253402767104,291.348645501868,294.616947049374
"Oak Creek",1779.93939393939,2931.42424242424,4583.54312354312,6812.83216783217,345.371948301082,399.75413896896,477.780214706933,583.064814864598
"Ohio City",-9292.11428571428,-12925.9,-17388.4,-22764.1142857143,-177.537697522037,-349.153700824659,-559.908124710243,-813.79172521651
"Olathe",2268.22727272727,2752.15151515152,3331.78088578089,4016.95571095571,368.432750672904,391.287467741002,418.662135320645,451.021491184091
"Olney Springs",405.1,442.342424242424,484.054545454545,530.411188811189,280.441195493261,282.20007631462,284.170051457501,286.359377544649
"Ophir",251.293094296055,352.561488967469,475.408941836189,621.511550263679,273.177221084015,277.959912888338,283.761737909102,290.661854674887
"Orchard City",3827.7349799733,4489.95654812477,5217.87583444592,6012.61560869037,442.08499680977,473.360318956632,507.738405191661,545.272281552412
"Ordway",1423.20202020202,1800.23465423465,2349.18703518703,3097.8112998113,328.523997672404,346.330450461561,372.256308789457,407.612247298736
"Otis",505.992597360798,540.922277164955,599.766831494865,687.133291394797,285.206139186504,286.855793986197,289.634897660506,293.761030528435
"Ouray",1617.36563436563,2306.41858141858,3212.46678321678,4359.03666921314,337.693933950857,370.236445297144,413.027182951497,467.177250350426
"Ovid",401.746031746032,554.960317460318,802.834776334778,1161.2683982684,280.282794675985,287.518780898227,299.225366618347,316.153427456856
"Pagosa Springs",1992.15151515151,2413.98368298368,2986.68498168498,3733.32301032301,355.394277342561,375.316517232281,402.363986647702,437.626119437994
"Palisade",3523.81818181818,4236,5017.79020979021,5866.60839160839,427.731650097314,461.366489042456,498.288784899874,538.376669917846
"Palmer Lake",3137.11188811189,3836.26373626374,4626.17482517482,5511.39410589411,409.468330849583,442.487791906341,479.793619685454,521.600651510755
"Paoli",40.8571428571429,57.952380952381,88.4523809523811,134.857142857143,263.238776779181,264.046148668469,265.486599072617,267.678197696883
"Paonia",1471.30303030303,1427.60606060606,1340.668997669,1203.91608391609,330.7957065065,328.731991173384,324.626137814593,318.1675873266
"Parachute",656.400000000001,-547.599999999998,-2786.45714285714,-6320.67142857142,292.309562265798,235.447192213531,129.71071102474,-37.2027445884625
"Peetz",243.966666666667,252.057575757576,255.527272727273,252.564568764569,272.831209423697,273.21332592435,273.377192363769,273.237270130312
"Pierce",726.3,480.178787878788,89.4060606060602,-469.293240093241,295.610791224813,283.987007635653,265.531639342866,239.145454638292
"Pitkin",-338.517482517483,-751.619380619381,-1320.58141858142,-2067.4629341247,245.321716699038,225.811788958868,198.940916908794,163.667284747648
"Platteville",3393.91608391608,4251.04795204795,5264.9040959041,6449.26773226773,421.596649132634,462.077171947672,509.959450379327,565.89443656484
"Poncha Springs",853.028971028971,1075.5994005994,1334.36663336663,1631.82635012047,301.59593212763,312.107462135044,324.328490496349,338.376882929654
"Pritchett",189.984126984127,256.674603174603,351.823953823954,477.74025974026,270.281728403938,273.431378350869,277.925080665533,283.871841116221
"Pueblo",98112.7902097902,87075.1268731269,70342.6013986014,47247.4288211788,4894.9684692984,4373.68300653952,3583.44126613964,2492.70517849979
"Ramah",158.833333333333,204.333333333333,265.848484848485,345.121212121212,268.810542393977,270.959411029673,273.864641352992,277.608524370628
"Rangely",2401.28571428571,2545.42857142857,2788.04761904762,3168.80952380953,374.716819063663,381.524380926826,392.982764703772,410.965343051262
"Raymer",128.9,159.430303030303,195.612121212121,236.758974358974,267.396854456354,268.838736008444,270.547526651815,272.490805381153
"Red Cliff",23.7622377622379,-171.952047952048,-404.007992007991,-674.641608391607,262.431420616793,253.188249405165,242.228738637941,229.44728611021
"Rico",260.088911088911,306.311688311688,361.323176823176,424.225700769817,273.59262888251,275.77563275567,278.373708849413,281.344461834359
"Ridgway",1349.91919191919,1867.87257187257,2521.05305805306,3324.29825729826,325.063004898073,349.524846061471,380.373177054922,418.308746624845
"Rifle",12554.2121212121,16752.2400932401,21906.7965367965,28118.4292374292,854.218030412572,1052.4820005415,1295.92078455213,1589.28304140607
"Rockvale",908.333333333333,1379.34731934732,2009.03163503163,2815.24408924409,304.207840030334,326.452833030767,356.191489654147,394.267196391834
"Rocky Ford",3683.06893106893,3329.07792207792,2938.5024975025,2520.05347593583,435.252725707777,418.534480069552,400.088429965292,380.325968908537
"Romeo",594.301587301587,863.515873015873,1256.79942279942,1795.57142857143,289.376785752081,302.091206298296,320.665155420606,346.110216189717
"Rosita",-12826.4,-17014.9714285714,-22025.1142857143,-27930.3285714286,-344.45452655539,-542.271884164844,-778.890320342238,-1057.78108442216
"Rye",99.6428571428572,20.4761904761906,-87.1666666666664,-227.04329004329,266.01510156282,262.276227562982,257.192483396587,250.58640671876
"Saguache",385.502497502497,337.306693306693,313.670579420579,320.623156255509,279.515646955792,277.239461197363,276.123177597371,276.451533076445
"Salida",6440.41258741259,7654.85614385614,9285.26773226773,11388.3536463536,565.476226827615,622.831823932337,699.83271020955,799.157003812925
"San Luis",283.652173913043,-306.760869565218,-1225.19461697723,-2543.10559006211,274.705471881135,246.821514271545,203.445833529159,141.203689469777
"Sanford",1021.59090909091,1198.60606060606,1428.24242424242,1717.52913752914,309.556755465509,317.916806171748,328.762045280177,342.424444069308
"Sawpit",79.5741920112458,130.041582383284,200.202396864539,292.545342077362,265.067301012015,267.450768974563,270.764315649149,275.125477378723
"Sedgwick",178.566666666667,218.869696969697,288.127272727272,390.710023310023,269.742505934147,271.6459326977,274.916821320333,279.761587370679
"Seibert",220.966666666667,280.906060606061,369.830303030303,491.916550116551,271.744968135323,274.575778765631,278.77548240296,284.541357286773
"Severance",6121,10803.5238095238,17284.0714285714,25840.8701298701,550.391046807011,771.536729228685,1077.59926814532,1481.71874839117
"Sheridan",4546.13131313131,2904.88189588189,425.245199245193,-3007.77799977801,476.013334135536,398.500600155715,281.392610588159,119.258195687099
"Sheridan Lake",103.666666666667,142.523809523809,206.238095238095,300.253968253968,266.205137564616,268.040278126341,271.049368900346,275.48953946697
"Silt",4248,6070.33333333333,8390.27272727273,11268.0559440559,461.933223627695,547.998167447115,657.563991630682,793.475598111522
"Silver Cliff",-525.709290709291,-1642.47452547453,-3216.37862137862,-5312.86584004231,236.481044051068,183.73858720661,109.406430123488,10.3937789295486
"Silver Plume",140.545454545455,68.6373626373627,-49.5914085914084,-223.161838161838,267.946844610665,264.550777723763,258.967083254963,250.769719470606
"Silverthorne",3931,2680.00000000001,-303.142857142847,-5481.92857142855,446.961985000977,387.879904489859,246.992385335677,2.40930418359227
"Silverton",1027.77617248277,1516.10132166122,2219.41523207843,3166.93240011821,309.848872355757,332.91143492919,366.127461371923,410.876690474875
"Simla",713.566666666667,794.354545454546,888.066666666667,995.803263403264,295.009422859365,298.824863274128,303.250688286376,308.338859575253
"South Canon",-2933.32539682539,-4550.94444444443,-6487.82539682538,-8769.85714285712,122.774434441623,46.3777127727602,-45.0970724942444,-152.872598751619
"Springfield",910.973061957495,393.12053186761,-267.203395825969,-1081.47361976546,304.332508822581,279.875430584645,248.689729977603,210.233471841233
"St. Elmo",1771.4,2382.4,3116.82857142857,3985.68571428571,344.96865081088,373.824886775942,408.510392760601,449.544675467992
"Starkville",80.602089820124,94.534036091999,120.430913731642,158.424174316608,265.115846448547,265.773822764544,266.99687744855,268.791218680173
"Steamboat Springs",16547.2575757576,21441.6666666667,27261.5477855478,34085.4172494173,1042.80111037261,1273.95368588296,1548.81434522018,1871.09124774752
"Sterling",15076.993006993,16801.1708291708,18912.6813186813,21473.5734265734,973.363628658469,1054.79289556926,1154.51506402755,1275.46057457813
"Stratton",639.533333333333,649.942424242425,685.503030303031,753.116083916085,291.512985320991,292.004584639247,293.684036749796,296.877258074472
"Sugar City",400.080808080808,575.08547008547,827.305583305582,1166.57486957487,280.204149689048,288.469249233717,300.381071004935,316.404040858102
"Superior",21205.8333333333,32272.303030303,46417.8834498834,64002.3356643357,1262.81577702028,1785.46170316754,2453.52750750498,3284.0039435387
"Swink",711.606060606061,731.757575757576,734.226107226108,715.258741258743,294.916827587484,295.868540969261,295.985124482425,295.08933595871
"Telluride",3875.3986013986,5469.44855144855,7497.49050949051,10006.2937062937,444.336048703056,519.619651810646,615.399778305419,733.885239904202
"Thornton",157722.666666667,203867.095238095,256405.880952381,315437.968253968,7710.2166867908,9889.52031908233,12370.8158966425,15158.7763560284
"Timnath",952.31746031746,1496.00793650794,2229.7481962482,3180.64935064935,306.285117193953,331.962466904116,366.61546538551,411.524512997375
"Trinidad",8904.81818181818,9624.19580419581,10950.3384115884,12993.560792149,681.864883694699,715.839565232038,778.470471946022,874.967537645784
"Two Buttes",56.9333333333334,81.6303030303031,127.206060606061,197.532400932401,263.998021207659,265.164406780814,267.316853286367,270.63821739605
"Vail",8795.8,15977.8,28351.2285714286,47350.5857142857,676.716185856683,1015.90683512195,1600.2776609059,2497.57706008557
"Victor",164.696969696971,-145.379953379952,-644.32301032301,-1374.86180486181,269.087469520855,254.443193154851,230.879169285328,196.377369225027
"Vilas",143.497109601567,180.247683728004,231.782194787545,300.226893158666,268.086245027664,269.821896809733,272.2557626223,275.488260767561
"Vona",141.066666666667,193.839393939394,269.642424242424,371.337062937063,267.971460355276,270.463804497178,274.043821075395,278.846643482195
"Walden",248.475524475524,-204.46953046953,-800.918081918082,-1556.26348651349,273.044153228714,251.652517574536,223.483515706092,187.810151990657
"Walsenburg",1990.28471528472,1041.87512487512,-9.41383616383564,-1154.90168654875,355.306112338541,310.514736017122,260.864584908765,206.765619760125
"Walsh",357.523809523809,160.404761904762,-48.4480519480515,-261.549783549783,278.194272778532,268.884757637282,259.021081567717,248.95673811164
"Ward",156.384615384615,122.719280719281,59.4045954045956,-39.1258741258739,268.694894631391,267.104952174851,264.114733681407,259.461348282848
"Wellington",9091.12121212121,13499.8181818182,19136.7622377622,26146.9393939394,690.663581245321,898.877001958958,1165.09793125549,1496.17375151005
"Westcliffe",710.006993006993,940.715284715285,1241.11588411588,1619.78221778222,294.84130701144,305.737171012473,319.924455104699,337.808064067548
"Westminster",130371.966666667,144769.633333333,154250.678787879,157503.282517482,6418.50105175048,7098.47235564516,7546.24205258763,7699.85563805782
"Wheat Ridge",23661.8,9337.80000000002,-14998.1999999999,-51772.1999999999,1378.80588120303,702.313697956625,-447.024040907144,-2183.78217737066
"Wiley",623.424242424242,842,1149.44755244755,1558.9627039627,290.752187074746,301.075057184154,315.595153944069,334.935687239305
"Williamsburg",1209.77777777778,1741.36285936286,2402.8537018537,3206.62715062715,318.444422713225,343.550060274151,374.790871795663,412.751389472028
"Windsor",25725.041958042,36433.3936063936,49758.9380619381,65977.4567932068,1476.24842914784,1981.98119831593,2611.31844082349,3377.28473135259
"Woodland Park",10259.5252525253,13140.101010101,16483.2465312465,20320.2026862027,745.84482951444,881.888321782598,1039.77800430914,1220.9893172306
"Wray",2462.1048951049,2744.10789210789,3146.47252747253,3690.86838161838,377.589180165005,390.907584460215,409.910414021718,435.621077238796
"Yampa",475.545454545455,530.363636363636,602.034965034965,693.041958041958,283.768185115241,286.357131743263,289.742016803933,294.040084340235
"Yuma",3808.13286713287,4123.13686313686,4451.05794205794,4793.77722277722,441.159230535568,456.036202120885,471.523220175328,487.709125959636
