<metadata xml:lang="en"><Esri><CreaDate>20181202</CreaDate><CreaTime>14592200</CreaTime><ArcGISFormat>1.0</ArcGISFormat><SyncOnce>FALSE</SyncOnce><DataProperties><itemProps><itemName Sync="TRUE">SurroundingStates</itemName><imsContentType Sync="TRUE">002</imsContentType><itemLocation><linkage Sync="TRUE">file://\\DESKTOP-2C42L2V\C$\Users\cynth\Documents\Data Science Projects\Regis WaterLytics\Data\SurroundingStates.shp</linkage><protocol Sync="TRUE">Local Area Network</protocol></itemLocation><itemSize Sync="TRUE">0.000</itemSize></itemProps><coordRef><type Sync="TRUE">Projected</type><geogcsn Sync="TRUE">GCS_North_American_1983</geogcsn><csUnits Sync="TRUE">Linear Unit: Meter (1.000000)</csUnits><projcsn Sync="TRUE">NAD_1983_UTM_Zone_13N</projcsn><peXml Sync="TRUE">&lt;ProjectedCoordinateSystem xsi:type='typens:ProjectedCoordinateSystem' xmlns:xsi='http://www.w3.org/2001/XMLSchema-instance' xmlns:xs='http://www.w3.org/2001/XMLSchema' xmlns:typens='http://www.esri.com/schemas/ArcGIS/10.6'&gt;&lt;WKT&gt;PROJCS[&amp;quot;NAD_1983_UTM_Zone_13N&amp;quot;,GEOGCS[&amp;quot;GCS_North_American_1983&amp;quot;,DATUM[&amp;quot;D_North_American_1983&amp;quot;,SPHEROID[&amp;quot;GRS_1980&amp;quot;,6378137.0,298.257222101]],PRIMEM[&amp;quot;Greenwich&amp;quot;,0.0],UNIT[&amp;quot;Degree&amp;quot;,0.0174532925199433]],PROJECTION[&amp;quot;Transverse_Mercator&amp;quot;],PARAMETER[&amp;quot;False_Easting&amp;quot;,500000.0],PARAMETER[&amp;quot;False_Northing&amp;quot;,0.0],PARAMETER[&amp;quot;Central_Meridian&amp;quot;,-105.0],PARAMETER[&amp;quot;Scale_Factor&amp;quot;,0.9996],PARAMETER[&amp;quot;Latitude_Of_Origin&amp;quot;,0.0],UNIT[&amp;quot;Meter&amp;quot;,1.0],AUTHORITY[&amp;quot;EPSG&amp;quot;,26913]]&lt;/WKT&gt;&lt;XOrigin&gt;-5120900&lt;/XOrigin&gt;&lt;YOrigin&gt;-9998100&lt;/YOrigin&gt;&lt;XYScale&gt;450445547.3910538&lt;/XYScale&gt;&lt;ZOrigin&gt;-100000&lt;/ZOrigin&gt;&lt;ZScale&gt;10000&lt;/ZScale&gt;&lt;MOrigin&gt;-100000&lt;/MOrigin&gt;&lt;MScale&gt;10000&lt;/MScale&gt;&lt;XYTolerance&gt;0.001&lt;/XYTolerance&gt;&lt;ZTolerance&gt;0.001&lt;/ZTolerance&gt;&lt;MTolerance&gt;0.001&lt;/MTolerance&gt;&lt;HighPrecision&gt;true&lt;/HighPrecision&gt;&lt;WKID&gt;26913&lt;/WKID&gt;&lt;LatestWKID&gt;26913&lt;/LatestWKID&gt;&lt;/ProjectedCoordinateSystem&gt;</peXml></coordRef><lineage><Process ToolSource="c:\program files (x86)\arcgis\desktop10.6\ArcToolbox\Toolboxes\Analysis Tools.tbx\Clip" Date="20181205" Time="123952">Clip tl_2018_us_state tl_2018_us_state "C:\Users\cynth\Documents\Data Science Projects\Regis WaterLytics\Data\CO_Water.gdb\Census_Tigerline_CO\SurroundingStates1" #</Process><Process ToolSource="c:\program files (x86)\arcgis\desktop10.6\ArcToolbox\Toolboxes\Data Management Tools.tbx\Merge" Date="20181205" Time="124546">Merge SurroundingStates1;tl_2018_us_state "C:\Users\cynth\Documents\Data Science Projects\Regis WaterLytics\Data\CO_Water.gdb\Census_Tigerline_CO\SurroundingStates2" "REGION "REGION" true true false 2 Text 0 0 ,First,#,SurroundingStates1,REGION,-1,-1,tl_2018_us_state,REGION,-1,-1;DIVISION "DIVISION" true true false 2 Text 0 0 ,First,#,SurroundingStates1,DIVISION,-1,-1,tl_2018_us_state,DIVISION,-1,-1;STATEFP "STATEFP" true true false 2 Text 0 0 ,First,#,SurroundingStates1,STATEFP,-1,-1,tl_2018_us_state,STATEFP,-1,-1;STATENS "STATENS" true true false 8 Text 0 0 ,First,#,SurroundingStates1,STATENS,-1,-1,tl_2018_us_state,STATENS,-1,-1;GEOID "GEOID" true true false 2 Text 0 0 ,First,#,SurroundingStates1,GEOID,-1,-1,tl_2018_us_state,GEOID,-1,-1;STUSPS "STUSPS" true true false 2 Text 0 0 ,First,#,SurroundingStates1,STUSPS,-1,-1,tl_2018_us_state,STUSPS,-1,-1;NAME "NAME" true true false 100 Text 0 0 ,First,#,SurroundingStates1,NAME,-1,-1,tl_2018_us_state,NAME,-1,-1;LSAD "LSAD" true true false 2 Text 0 0 ,First,#,SurroundingStates1,LSAD,-1,-1,tl_2018_us_state,LSAD,-1,-1;MTFCC "MTFCC" true true false 5 Text 0 0 ,First,#,SurroundingStates1,MTFCC,-1,-1,tl_2018_us_state,MTFCC,-1,-1;FUNCSTAT "FUNCSTAT" true true false 1 Text 0 0 ,First,#,SurroundingStates1,FUNCSTAT,-1,-1,tl_2018_us_state,FUNCSTAT,-1,-1;ALAND "ALAND" true true false 8 Double 0 0 ,First,#,SurroundingStates1,ALAND,-1,-1,tl_2018_us_state,ALAND,-1,-1;AWATER "AWATER" true true false 8 Double 0 0 ,First,#,SurroundingStates1,AWATER,-1,-1,tl_2018_us_state,AWATER,-1,-1;INTPTLAT "INTPTLAT" true true false 11 Text 0 0 ,First,#,SurroundingStates1,INTPTLAT,-1,-1,tl_2018_us_state,INTPTLAT,-1,-1;INTPTLON "INTPTLON" true true false 12 Text 0 0 ,First,#,SurroundingStates1,INTPTLON,-1,-1,tl_2018_us_state,INTPTLON,-1,-1;Shape_Length "Shape_Length" false true true 8 Double 0 0 ,First,#,SurroundingStates1,Shape_Length,-1,-1,tl_2018_us_state,Shape_Length,-1,-1;Shape_Area "Shape_Area" false true true 8 Double 0 0 ,First,#,SurroundingStates1,Shape_Area,-1,-1,tl_2018_us_state,Shape_Area,-1,-1"</Process><Process ToolSource="c:\program files (x86)\arcgis\desktop10.6\ArcToolbox\Toolboxes\Data Management Tools.tbx\Merge" Date="20181205" Time="130128">Merge SurroundingStates2;tl_2018_us_state "C:\Users\cynth\Documents\Data Science Projects\Regis WaterLytics\Data\CO_Water.gdb\Census_Tigerline_CO\SurroundingStates3" "REGION "REGION" true true false 2 Text 0 0 ,First,#,SurroundingStates2,REGION,-1,-1,tl_2018_us_state,REGION,-1,-1;DIVISION "DIVISION" true true false 2 Text 0 0 ,First,#,SurroundingStates2,DIVISION,-1,-1,tl_2018_us_state,DIVISION,-1,-1;STATEFP "STATEFP" true true false 2 Text 0 0 ,First,#,SurroundingStates2,STATEFP,-1,-1,tl_2018_us_state,STATEFP,-1,-1;STATENS "STATENS" true true false 8 Text 0 0 ,First,#,SurroundingStates2,STATENS,-1,-1,tl_2018_us_state,STATENS,-1,-1;GEOID "GEOID" true true false 2 Text 0 0 ,First,#,SurroundingStates2,GEOID,-1,-1,tl_2018_us_state,GEOID,-1,-1;STUSPS "STUSPS" true true false 2 Text 0 0 ,First,#,SurroundingStates2,STUSPS,-1,-1,tl_2018_us_state,STUSPS,-1,-1;NAME "NAME" true true false 100 Text 0 0 ,First,#,SurroundingStates2,NAME,-1,-1,tl_2018_us_state,NAME,-1,-1;LSAD "LSAD" true true false 2 Text 0 0 ,First,#,SurroundingStates2,LSAD,-1,-1,tl_2018_us_state,LSAD,-1,-1;MTFCC "MTFCC" true true false 5 Text 0 0 ,First,#,SurroundingStates2,MTFCC,-1,-1,tl_2018_us_state,MTFCC,-1,-1;FUNCSTAT "FUNCSTAT" true true false 1 Text 0 0 ,First,#,SurroundingStates2,FUNCSTAT,-1,-1,tl_2018_us_state,FUNCSTAT,-1,-1;ALAND "ALAND" true true false 8 Double 0 0 ,First,#,SurroundingStates2,ALAND,-1,-1,tl_2018_us_state,ALAND,-1,-1;AWATER "AWATER" true true false 8 Double 0 0 ,First,#,SurroundingStates2,AWATER,-1,-1,tl_2018_us_state,AWATER,-1,-1;INTPTLAT "INTPTLAT" true true false 11 Text 0 0 ,First,#,SurroundingStates2,INTPTLAT,-1,-1,tl_2018_us_state,INTPTLAT,-1,-1;INTPTLON "INTPTLON" true true false 12 Text 0 0 ,First,#,SurroundingStates2,INTPTLON,-1,-1,tl_2018_us_state,INTPTLON,-1,-1;Shape_Length "Shape_Length" false true true 8 Double 0 0 ,First,#,SurroundingStates2,Shape_Length,-1,-1,tl_2018_us_state,Shape_Length,-1,-1;Shape_Area "Shape_Area" false true true 8 Double 0 0 ,First,#,SurroundingStates2,Shape_Area,-1,-1,tl_2018_us_state,Shape_Area,-1,-1"</Process><Process ToolSource="c:\program files (x86)\arcgis\desktop10.6\ArcToolbox\Toolboxes\Conversion Tools.tbx\FeatureClassToFeatureClass" Date="20181206" Time="123204">FeatureClassToFeatureClass "C:\Users\cynth\Documents\Data Science Projects\Regis WaterLytics\Data\CO_Water.gdb\Census_Tigerline_CO\SurroundingStates3" "C:\Users\cynth\Documents\Data Science Projects\Regis WaterLytics\Data" SurroundingStates.shp # "REGION "REGION" true true false 2 Text 0 0 ,First,#,C:\Users\cynth\Documents\Data Science Projects\Regis WaterLytics\Data\CO_Water.gdb\Census_Tigerline_CO\SurroundingStates3,REGION,-1,-1;DIVISION "DIVISION" true true false 2 Text 0 0 ,First,#,C:\Users\cynth\Documents\Data Science Projects\Regis WaterLytics\Data\CO_Water.gdb\Census_Tigerline_CO\SurroundingStates3,DIVISION,-1,-1;STATEFP "STATEFP" true true false 2 Text 0 0 ,First,#,C:\Users\cynth\Documents\Data Science Projects\Regis WaterLytics\Data\CO_Water.gdb\Census_Tigerline_CO\SurroundingStates3,STATEFP,-1,-1;STATENS "STATENS" true true false 8 Text 0 0 ,First,#,C:\Users\cynth\Documents\Data Science Projects\Regis WaterLytics\Data\CO_Water.gdb\Census_Tigerline_CO\SurroundingStates3,STATENS,-1,-1;GEOID "GEOID" true true false 2 Text 0 0 ,First,#,C:\Users\cynth\Documents\Data Science Projects\Regis WaterLytics\Data\CO_Water.gdb\Census_Tigerline_CO\SurroundingStates3,GEOID,-1,-1;STUSPS "STUSPS" true true false 2 Text 0 0 ,First,#,C:\Users\cynth\Documents\Data Science Projects\Regis WaterLytics\Data\CO_Water.gdb\Census_Tigerline_CO\SurroundingStates3,STUSPS,-1,-1;NAME "NAME" true true false 100 Text 0 0 ,First,#,C:\Users\cynth\Documents\Data Science Projects\Regis WaterLytics\Data\CO_Water.gdb\Census_Tigerline_CO\SurroundingStates3,NAME,-1,-1;LSAD "LSAD" true true false 2 Text 0 0 ,First,#,C:\Users\cynth\Documents\Data Science Projects\Regis WaterLytics\Data\CO_Water.gdb\Census_Tigerline_CO\SurroundingStates3,LSAD,-1,-1;MTFCC "MTFCC" true true false 5 Text 0 0 ,First,#,C:\Users\cynth\Documents\Data Science Projects\Regis WaterLytics\Data\CO_Water.gdb\Census_Tigerline_CO\SurroundingStates3,MTFCC,-1,-1;FUNCSTAT "FUNCSTAT" true true false 1 Text 0 0 ,First,#,C:\Users\cynth\Documents\Data Science Projects\Regis WaterLytics\Data\CO_Water.gdb\Census_Tigerline_CO\SurroundingStates3,FUNCSTAT,-1,-1;ALAND "ALAND" true true false 8 Double 0 0 ,First,#,C:\Users\cynth\Documents\Data Science Projects\Regis WaterLytics\Data\CO_Water.gdb\Census_Tigerline_CO\SurroundingStates3,ALAND,-1,-1;AWATER "AWATER" true true false 8 Double 0 0 ,First,#,C:\Users\cynth\Documents\Data Science Projects\Regis WaterLytics\Data\CO_Water.gdb\Census_Tigerline_CO\SurroundingStates3,AWATER,-1,-1;INTPTLAT "INTPTLAT" true true false 11 Text 0 0 ,First,#,C:\Users\cynth\Documents\Data Science Projects\Regis WaterLytics\Data\CO_Water.gdb\Census_Tigerline_CO\SurroundingStates3,INTPTLAT,-1,-1;INTPTLON "INTPTLON" true true false 12 Text 0 0 ,First,#,C:\Users\cynth\Documents\Data Science Projects\Regis WaterLytics\Data\CO_Water.gdb\Census_Tigerline_CO\SurroundingStates3,INTPTLON,-1,-1;Shape_Leng "Shape_Leng" false true true 8 Double 0 0 ,First,#,C:\Users\cynth\Documents\Data Science Projects\Regis WaterLytics\Data\CO_Water.gdb\Census_Tigerline_CO\SurroundingStates3,Shape_Length,-1,-1;Shape_Area "Shape_Area" false true true 8 Double 0 0 ,First,#,C:\Users\cynth\Documents\Data Science Projects\Regis WaterLytics\Data\CO_Water.gdb\Census_Tigerline_CO\SurroundingStates3,Shape_Area,-1,-1" #</Process></lineage></DataProperties><SyncDate>20181206</SyncDate><SyncTime>12320200</SyncTime><ModDate>20181206</ModDate><ModTime>12320200</ModTime></Esri><dataIdInfo><envirDesc Sync="TRUE"> Version 6.2 (Build 9200) ; Esri ArcGIS 10.6.1.9270</envirDesc><dataLang><languageCode value="eng" Sync="TRUE"></languageCode><countryCode value="USA" Sync="TRUE"></countryCode></dataLang><idCitation><resTitle Sync="TRUE">SurroundingStates</resTitle><presForm><PresFormCd value="005" Sync="TRUE"></PresFormCd></presForm></idCitation><spatRpType><SpatRepTypCd value="001" Sync="TRUE"></SpatRepTypCd></spatRpType></dataIdInfo><mdLang><languageCode value="eng" Sync="TRUE"></languageCode><countryCode value="USA" Sync="TRUE"></countryCode></mdLang><distInfo><distFormat><formatName Sync="TRUE">Shapefile</formatName></distFormat><distTranOps><transSize Sync="TRUE">0.000</transSize></distTranOps></distInfo><mdHrLv><ScopeCd value="005" Sync="TRUE"></ScopeCd></mdHrLv><mdHrLvName Sync="TRUE">dataset</mdHrLvName><refSysInfo><RefSystem><refSysID><identCode code="26913" Sync="TRUE"></identCode><idCodeSpace Sync="TRUE">EPSG</idCodeSpace><idVersion Sync="TRUE">6.13(3.0.1)</idVersion></refSysID></RefSystem></refSysInfo><spatRepInfo><VectSpatRep><geometObjs Name="SurroundingStates"><geoObjTyp><GeoObjTypCd value="002" Sync="TRUE"></GeoObjTypCd></geoObjTyp><geoObjCnt Sync="TRUE">0</geoObjCnt></geometObjs><topLvl><TopoLevCd value="001" Sync="TRUE"></TopoLevCd></topLvl></VectSpatRep></spatRepInfo><spdoinfo><ptvctinf><esriterm Name="SurroundingStates"><efeatyp Sync="TRUE">Simple</efeatyp><efeageom code="4" Sync="TRUE"></efeageom><esritopo Sync="TRUE">FALSE</esritopo><efeacnt Sync="TRUE">0</efeacnt><spindex Sync="TRUE">FALSE</spindex><linrefer Sync="TRUE">FALSE</linrefer></esriterm></ptvctinf></spdoinfo><eainfo><detailed Name="SurroundingStates"><enttyp><enttypl Sync="TRUE">SurroundingStates</enttypl><enttypt Sync="TRUE">Feature Class</enttypt><enttypc Sync="TRUE">0</enttypc></enttyp><attr><attrlabl Sync="TRUE">FID</attrlabl><attalias Sync="TRUE">FID</attalias><attrtype Sync="TRUE">OID</attrtype><attwidth Sync="TRUE">4</attwidth><atprecis Sync="TRUE">0</atprecis><attscale Sync="TRUE">0</attscale><attrdef Sync="TRUE">Internal feature number.</attrdef><attrdefs Sync="TRUE">Esri</attrdefs><attrdomv><udom Sync="TRUE">Sequential unique whole numbers that are automatically generated.</udom></attrdomv></attr><attr><attrlabl Sync="TRUE">Shape</attrlabl><attalias Sync="TRUE">Shape</attalias><attrtype Sync="TRUE">Geometry</attrtype><attwidth Sync="TRUE">0</attwidth><atprecis Sync="TRUE">0</atprecis><attscale Sync="TRUE">0</attscale><attrdef Sync="TRUE">Feature geometry.</attrdef><attrdefs Sync="TRUE">Esri</attrdefs><attrdomv><udom Sync="TRUE">Coordinates defining the features.</udom></attrdomv></attr><attr><attrlabl Sync="TRUE">REGION</attrlabl><attalias Sync="TRUE">REGION</attalias><attrtype Sync="TRUE">String</attrtype><attwidth Sync="TRUE">2</attwidth><atprecis Sync="TRUE">0</atprecis><attscale Sync="TRUE">0</attscale></attr><attr><attrlabl Sync="TRUE">DIVISION</attrlabl><attalias Sync="TRUE">DIVISION</attalias><attrtype Sync="TRUE">String</attrtype><attwidth Sync="TRUE">2</attwidth><atprecis Sync="TRUE">0</atprecis><attscale Sync="TRUE">0</attscale></attr><attr><attrlabl Sync="TRUE">STATEFP</attrlabl><attalias Sync="TRUE">STATEFP</attalias><attrtype Sync="TRUE">String</attrtype><attwidth Sync="TRUE">2</attwidth><atprecis Sync="TRUE">0</atprecis><attscale Sync="TRUE">0</attscale></attr><attr><attrlabl Sync="TRUE">STATENS</attrlabl><attalias Sync="TRUE">STATENS</attalias><attrtype Sync="TRUE">String</attrtype><attwidth Sync="TRUE">8</attwidth><atprecis Sync="TRUE">0</atprecis><attscale Sync="TRUE">0</attscale></attr><attr><attrlabl Sync="TRUE">GEOID</attrlabl><attalias Sync="TRUE">GEOID</attalias><attrtype Sync="TRUE">String</attrtype><attwidth Sync="TRUE">2</attwidth><atprecis Sync="TRUE">0</atprecis><attscale Sync="TRUE">0</attscale></attr><attr><attrlabl Sync="TRUE">STUSPS</attrlabl><attalias Sync="TRUE">STUSPS</attalias><attrtype Sync="TRUE">String</attrtype><attwidth Sync="TRUE">2</attwidth><atprecis Sync="TRUE">0</atprecis><attscale Sync="TRUE">0</attscale></attr><attr><attrlabl Sync="TRUE">NAME</attrlabl><attalias Sync="TRUE">NAME</attalias><attrtype Sync="TRUE">String</attrtype><attwidth Sync="TRUE">100</attwidth><atprecis Sync="TRUE">0</atprecis><attscale Sync="TRUE">0</attscale></attr><attr><attrlabl Sync="TRUE">LSAD</attrlabl><attalias Sync="TRUE">LSAD</attalias><attrtype Sync="TRUE">String</attrtype><attwidth Sync="TRUE">2</attwidth><atprecis Sync="TRUE">0</atprecis><attscale Sync="TRUE">0</attscale></attr><attr><attrlabl Sync="TRUE">MTFCC</attrlabl><attalias Sync="TRUE">MTFCC</attalias><attrtype Sync="TRUE">String</attrtype><attwidth Sync="TRUE">5</attwidth><atprecis Sync="TRUE">0</atprecis><attscale Sync="TRUE">0</attscale></attr><attr><attrlabl Sync="TRUE">FUNCSTAT</attrlabl><attalias Sync="TRUE">FUNCSTAT</attalias><attrtype Sync="TRUE">String</attrtype><attwidth Sync="TRUE">1</attwidth><atprecis Sync="TRUE">0</atprecis><attscale Sync="TRUE">0</attscale></attr><attr><attrlabl Sync="TRUE">ALAND</attrlabl><attalias Sync="TRUE">ALAND</attalias><attrtype Sync="TRUE">Double</attrtype><attwidth Sync="TRUE">19</attwidth><atprecis Sync="TRUE">0</atprecis><attscale Sync="TRUE">0</attscale></attr><attr><attrlabl Sync="TRUE">AWATER</attrlabl><attalias Sync="TRUE">AWATER</attalias><attrtype Sync="TRUE">Double</attrtype><attwidth Sync="TRUE">19</attwidth><atprecis Sync="TRUE">0</atprecis><attscale Sync="TRUE">0</attscale></attr><attr><attrlabl Sync="TRUE">INTPTLAT</attrlabl><attalias Sync="TRUE">INTPTLAT</attalias><attrtype Sync="TRUE">String</attrtype><attwidth Sync="TRUE">11</attwidth><atprecis Sync="TRUE">0</atprecis><attscale Sync="TRUE">0</attscale></attr><attr><attrlabl Sync="TRUE">INTPTLON</attrlabl><attalias Sync="TRUE">INTPTLON</attalias><attrtype Sync="TRUE">String</attrtype><attwidth Sync="TRUE">12</attwidth><atprecis Sync="TRUE">0</atprecis><attscale Sync="TRUE">0</attscale></attr><attr><attrlabl Sync="TRUE">Shape_Leng</attrlabl><attalias Sync="TRUE">Shape_Leng</attalias><attrtype Sync="TRUE">Double</attrtype><attwidth Sync="TRUE">19</attwidth><atprecis Sync="TRUE">0</atprecis><attscale Sync="TRUE">0</attscale></attr><attr><attrlabl Sync="TRUE">Shape_Area</attrlabl><attalias Sync="TRUE">Shape_Area</attalias><attrtype Sync="TRUE">Double</attrtype><attwidth Sync="TRUE">19</attwidth><atprecis Sync="TRUE">0</atprecis><attscale Sync="TRUE">0</attscale><attrdef Sync="TRUE">Area of feature in internal units squared.</attrdef><attrdefs Sync="TRUE">Esri</attrdefs><attrdomv><udom Sync="TRUE">Positive real numbers that are automatically generated.</udom></attrdomv></attr></detailed></eainfo><mdDateSt Sync="TRUE">20181206</mdDateSt></metadata>
