<?xml version="1.0" encoding="UTF-8"?>
<metadata xml:lang="en"><Esri><CreaDate>20181206</CreaDate><CreaTime>12325500</CreaTime><ArcGISFormat>1.0</ArcGISFormat><SyncOnce>FALSE</SyncOnce><DataProperties><itemProps><itemName Sync="TRUE">COSurfaceWaterStations</itemName><imsContentType Sync="TRUE">002</imsContentType><itemSize Sync="TRUE">0.000</itemSize><itemLocation><linkage Sync="TRUE">file://\\DESKTOP-2C42L2V\C$\Users\cynth\Documents\Data Science Projects\Regis WaterLytics\Data\COSurfaceWaterStations.shp</linkage><protocol Sync="TRUE">Local Area Network</protocol></itemLocation></itemProps><coordRef><type Sync="TRUE">Projected</type><geogcsn Sync="TRUE">GCS_North_American_1983</geogcsn><csUnits Sync="TRUE">Linear Unit: Meter (1.000000)</csUnits><projcsn Sync="TRUE">NAD_1983_UTM_Zone_13N</projcsn><peXml Sync="TRUE">&lt;ProjectedCoordinateSystem xsi:type='typens:ProjectedCoordinateSystem' xmlns:xsi='http://www.w3.org/2001/XMLSchema-instance' xmlns:xs='http://www.w3.org/2001/XMLSchema' xmlns:typens='http://www.esri.com/schemas/ArcGIS/10.6'&gt;&lt;WKT&gt;PROJCS[&amp;quot;NAD_1983_UTM_Zone_13N&amp;quot;,GEOGCS[&amp;quot;GCS_North_American_1983&amp;quot;,DATUM[&amp;quot;D_North_American_1983&amp;quot;,SPHEROID[&amp;quot;GRS_1980&amp;quot;,6378137.0,298.257222101]],PRIMEM[&amp;quot;Greenwich&amp;quot;,0.0],UNIT[&amp;quot;Degree&amp;quot;,0.0174532925199433]],PROJECTION[&amp;quot;Transverse_Mercator&amp;quot;],PARAMETER[&amp;quot;False_Easting&amp;quot;,500000.0],PARAMETER[&amp;quot;False_Northing&amp;quot;,0.0],PARAMETER[&amp;quot;Central_Meridian&amp;quot;,-105.0],PARAMETER[&amp;quot;Scale_Factor&amp;quot;,0.9996],PARAMETER[&amp;quot;Latitude_Of_Origin&amp;quot;,0.0],UNIT[&amp;quot;Meter&amp;quot;,1.0],AUTHORITY[&amp;quot;EPSG&amp;quot;,26913]]&lt;/WKT&gt;&lt;XOrigin&gt;-5120900&lt;/XOrigin&gt;&lt;YOrigin&gt;-9998100&lt;/YOrigin&gt;&lt;XYScale&gt;450445547.3910538&lt;/XYScale&gt;&lt;ZOrigin&gt;-100000&lt;/ZOrigin&gt;&lt;ZScale&gt;10000&lt;/ZScale&gt;&lt;MOrigin&gt;-100000&lt;/MOrigin&gt;&lt;MScale&gt;10000&lt;/MScale&gt;&lt;XYTolerance&gt;0.001&lt;/XYTolerance&gt;&lt;ZTolerance&gt;0.001&lt;/ZTolerance&gt;&lt;MTolerance&gt;0.001&lt;/MTolerance&gt;&lt;HighPrecision&gt;true&lt;/HighPrecision&gt;&lt;WKID&gt;26913&lt;/WKID&gt;&lt;LatestWKID&gt;26913&lt;/LatestWKID&gt;&lt;/ProjectedCoordinateSystem&gt;</peXml></coordRef><lineage><Process ToolSource="c:\program files (x86)\arcgis\desktop10.6\ArcToolbox\Toolboxes\Conversion Tools.tbx\FeatureClassToFeatureClass" Date="20181206" Time="123257">FeatureClassToFeatureClass "C:\Users\cynth\Documents\Data Science Projects\Regis WaterLytics\Data\CO_Water.gdb\Census_Tigerline_CO\SurfWaterStations_1" "C:\Users\cynth\Documents\Data Science Projects\Regis WaterLytics\Data" COSurfaceWaterStations.shp # "DIV "DIV" true true false 4 Long 0 0 ,First,#,C:\Users\cynth\Documents\Data Science Projects\Regis WaterLytics\Data\CO_Water.gdb\Census_Tigerline_CO\SurfWaterStations_1,DIV,-1,-1;WD "WD" true true false 4 Long 0 0 ,First,#,C:\Users\cynth\Documents\Data Science Projects\Regis WaterLytics\Data\CO_Water.gdb\Census_Tigerline_CO\SurfWaterStations_1,WD,-1,-1;County "County" true true false 8000 Text 0 0 ,First,#,C:\Users\cynth\Documents\Data Science Projects\Regis WaterLytics\Data\CO_Water.gdb\Census_Tigerline_CO\SurfWaterStations_1,County,-1,-1;State "State" true true false 8000 Text 0 0 ,First,#,C:\Users\cynth\Documents\Data Science Projects\Regis WaterLytics\Data\CO_Water.gdb\Census_Tigerline_CO\SurfWaterStations_1,State,-1,-1;Station_Na "Station Name" true true false 8000 Text 0 0 ,First,#,C:\Users\cynth\Documents\Data Science Projects\Regis WaterLytics\Data\CO_Water.gdb\Census_Tigerline_CO\SurfWaterStations_1,Station_Name,-1,-1;DWR_Abbrev "DWR Abbrev" true true false 8000 Text 0 0 ,First,#,C:\Users\cynth\Documents\Data Science Projects\Regis WaterLytics\Data\CO_Water.gdb\Census_Tigerline_CO\SurfWaterStations_1,DWR_Abbrev,-1,-1;USGS_Stati "USGS Station ID" true true false 8 Double 0 0 ,First,#,C:\Users\cynth\Documents\Data Science Projects\Regis WaterLytics\Data\CO_Water.gdb\Census_Tigerline_CO\SurfWaterStations_1,USGS_Station_ID,-1,-1;Data_Sourc "Data Source" true true false 8000 Text 0 0 ,First,#,C:\Users\cynth\Documents\Data Science Projects\Regis WaterLytics\Data\CO_Water.gdb\Census_Tigerline_CO\SurfWaterStations_1,Data_Source,-1,-1;Status "Status" true true false 8000 Text 0 0 ,First,#,C:\Users\cynth\Documents\Data Science Projects\Regis WaterLytics\Data\CO_Water.gdb\Census_Tigerline_CO\SurfWaterStations_1,Status,-1,-1;POR_Start "POR Start" true true false 4 Long 0 0 ,First,#,C:\Users\cynth\Documents\Data Science Projects\Regis WaterLytics\Data\CO_Water.gdb\Census_Tigerline_CO\SurfWaterStations_1,POR_Start,-1,-1;POR_End "POR End" true true false 4 Long 0 0 ,First,#,C:\Users\cynth\Documents\Data Science Projects\Regis WaterLytics\Data\CO_Water.gdb\Census_Tigerline_CO\SurfWaterStations_1,POR_End,-1,-1;UTM_X "UTM X" true true false 8 Double 0 0 ,First,#,C:\Users\cynth\Documents\Data Science Projects\Regis WaterLytics\Data\CO_Water.gdb\Census_Tigerline_CO\SurfWaterStations_1,UTM_X,-1,-1;UTM_Y "UTM Y" true true false 8 Double 0 0 ,First,#,C:\Users\cynth\Documents\Data Science Projects\Regis WaterLytics\Data\CO_Water.gdb\Census_Tigerline_CO\SurfWaterStations_1,UTM_Y,-1,-1;Location_A "Location Accuracy" true true false 8000 Text 0 0 ,First,#,C:\Users\cynth\Documents\Data Science Projects\Regis WaterLytics\Data\CO_Water.gdb\Census_Tigerline_CO\SurfWaterStations_1,Location_Accuracy,-1,-1;More_Infor "More Information" true true false 8000 Text 0 0 ,First,#,C:\Users\cynth\Documents\Data Science Projects\Regis WaterLytics\Data\CO_Water.gdb\Census_Tigerline_CO\SurfWaterStations_1,More_Information,-1,-1;Location "Location" true true false 8000 Text 0 0 ,First,#,C:\Users\cynth\Documents\Data Science Projects\Regis WaterLytics\Data\CO_Water.gdb\Census_Tigerline_CO\SurfWaterStations_1,Location,-1,-1;Latitude "Latitude" true true false 8 Double 0 0 ,First,#,C:\Users\cynth\Documents\Data Science Projects\Regis WaterLytics\Data\CO_Water.gdb\Census_Tigerline_CO\SurfWaterStations_1,Latitude,-1,-1;Longitude "Longitude" true true false 8 Double 0 0 ,First,#,C:\Users\cynth\Documents\Data Science Projects\Regis WaterLytics\Data\CO_Water.gdb\Census_Tigerline_CO\SurfWaterStations_1,Longitude,-1,-1" #</Process></lineage></DataProperties><SyncDate>20181206</SyncDate><SyncTime>12325500</SyncTime><ModDate>20181206</ModDate><ModTime>12325500</ModTime></Esri><dataIdInfo><envirDesc Sync="TRUE"> Version 6.2 (Build 9200) ; Esri ArcGIS 10.6.1.9270</envirDesc><dataLang><languageCode value="eng" Sync="TRUE"></languageCode><countryCode value="USA" Sync="TRUE"></countryCode></dataLang><idCitation><resTitle Sync="TRUE">COSurfaceWaterStations</resTitle><presForm><PresFormCd value="005" Sync="TRUE"></PresFormCd></presForm></idCitation><spatRpType><SpatRepTypCd value="001" Sync="TRUE"></SpatRepTypCd></spatRpType></dataIdInfo><mdLang><languageCode value="eng" Sync="TRUE"></languageCode><countryCode value="USA" Sync="TRUE"></countryCode></mdLang><mdChar><CharSetCd value="004" Sync="TRUE"></CharSetCd></mdChar><distInfo><distFormat><formatName Sync="TRUE">Shapefile</formatName></distFormat><distTranOps><transSize Sync="TRUE">0.000</transSize></distTranOps></distInfo><mdHrLv><ScopeCd value="005" Sync="TRUE"></ScopeCd></mdHrLv><mdHrLvName Sync="TRUE">dataset</mdHrLvName><refSysInfo><RefSystem><refSysID><identCode code="26913" Sync="TRUE"></identCode><idCodeSpace Sync="TRUE">EPSG</idCodeSpace><idVersion Sync="TRUE">6.13(3.0.1)</idVersion></refSysID></RefSystem></refSysInfo><spatRepInfo><VectSpatRep><geometObjs Name="COSurfaceWaterStations"><geoObjTyp><GeoObjTypCd value="004" Sync="TRUE"></GeoObjTypCd></geoObjTyp><geoObjCnt Sync="TRUE">0</geoObjCnt></geometObjs><topLvl><TopoLevCd value="001" Sync="TRUE"></TopoLevCd></topLvl></VectSpatRep></spatRepInfo><spdoinfo><ptvctinf><esriterm Name="COSurfaceWaterStations"><efeatyp Sync="TRUE">Simple</efeatyp><efeageom code="1" Sync="TRUE"></efeageom><esritopo Sync="TRUE">FALSE</esritopo><efeacnt Sync="TRUE">0</efeacnt><spindex Sync="TRUE">FALSE</spindex><linrefer Sync="TRUE">FALSE</linrefer></esriterm></ptvctinf></spdoinfo><eainfo><detailed Name="COSurfaceWaterStations"><enttyp><enttypl Sync="TRUE">COSurfaceWaterStations</enttypl><enttypt Sync="TRUE">Feature Class</enttypt><enttypc Sync="TRUE">0</enttypc></enttyp><attr><attrlabl Sync="TRUE">FID</attrlabl><attalias Sync="TRUE">FID</attalias><attrtype Sync="TRUE">OID</attrtype><attwidth Sync="TRUE">4</attwidth><atprecis Sync="TRUE">0</atprecis><attscale Sync="TRUE">0</attscale><attrdef Sync="TRUE">Internal feature number.</attrdef><attrdefs Sync="TRUE">Esri</attrdefs><attrdomv><udom Sync="TRUE">Sequential unique whole numbers that are automatically generated.</udom></attrdomv></attr><attr><attrlabl Sync="TRUE">Shape</attrlabl><attalias Sync="TRUE">Shape</attalias><attrtype Sync="TRUE">Geometry</attrtype><attwidth Sync="TRUE">0</attwidth><atprecis Sync="TRUE">0</atprecis><attscale Sync="TRUE">0</attscale><attrdef Sync="TRUE">Feature geometry.</attrdef><attrdefs Sync="TRUE">Esri</attrdefs><attrdomv><udom Sync="TRUE">Coordinates defining the features.</udom></attrdomv></attr><attr><attrlabl Sync="TRUE">DIV</attrlabl><attalias Sync="TRUE">DIV</attalias><attrtype Sync="TRUE">Integer</attrtype><attwidth Sync="TRUE">10</attwidth><atprecis Sync="TRUE">10</atprecis><attscale Sync="TRUE">0</attscale></attr><attr><attrlabl Sync="TRUE">WD</attrlabl><attalias Sync="TRUE">WD</attalias><attrtype Sync="TRUE">Integer</attrtype><attwidth Sync="TRUE">10</attwidth><atprecis Sync="TRUE">10</atprecis><attscale Sync="TRUE">0</attscale></attr><attr><attrlabl Sync="TRUE">County</attrlabl><attalias Sync="TRUE">County</attalias><attrtype Sync="TRUE">String</attrtype><attwidth Sync="TRUE">254</attwidth><atprecis Sync="TRUE">0</atprecis><attscale Sync="TRUE">0</attscale></attr><attr><attrlabl Sync="TRUE">State</attrlabl><attalias Sync="TRUE">State</attalias><attrtype Sync="TRUE">String</attrtype><attwidth Sync="TRUE">254</attwidth><atprecis Sync="TRUE">0</atprecis><attscale Sync="TRUE">0</attscale></attr><attr><attrlabl Sync="TRUE">Station_Na</attrlabl><attalias Sync="TRUE">Station_Na</attalias><attrtype Sync="TRUE">String</attrtype><attwidth Sync="TRUE">254</attwidth><atprecis Sync="TRUE">0</atprecis><attscale Sync="TRUE">0</attscale></attr><attr><attrlabl Sync="TRUE">DWR_Abbrev</attrlabl><attalias Sync="TRUE">DWR_Abbrev</attalias><attrtype Sync="TRUE">String</attrtype><attwidth Sync="TRUE">254</attwidth><atprecis Sync="TRUE">0</atprecis><attscale Sync="TRUE">0</attscale></attr><attr><attrlabl Sync="TRUE">USGS_Stati</attrlabl><attalias Sync="TRUE">USGS_Stati</attalias><attrtype Sync="TRUE">Double</attrtype><attwidth Sync="TRUE">19</attwidth><atprecis Sync="TRUE">0</atprecis><attscale Sync="TRUE">0</attscale></attr><attr><attrlabl Sync="TRUE">Data_Sourc</attrlabl><attalias Sync="TRUE">Data_Sourc</attalias><attrtype Sync="TRUE">String</attrtype><attwidth Sync="TRUE">254</attwidth><atprecis Sync="TRUE">0</atprecis><attscale Sync="TRUE">0</attscale></attr><attr><attrlabl Sync="TRUE">Status</attrlabl><attalias Sync="TRUE">Status</attalias><attrtype Sync="TRUE">String</attrtype><attwidth Sync="TRUE">254</attwidth><atprecis Sync="TRUE">0</atprecis><attscale Sync="TRUE">0</attscale></attr><attr><attrlabl Sync="TRUE">POR_Start</attrlabl><attalias Sync="TRUE">POR_Start</attalias><attrtype Sync="TRUE">Integer</attrtype><attwidth Sync="TRUE">10</attwidth><atprecis Sync="TRUE">10</atprecis><attscale Sync="TRUE">0</attscale></attr><attr><attrlabl Sync="TRUE">POR_End</attrlabl><attalias Sync="TRUE">POR_End</attalias><attrtype Sync="TRUE">Integer</attrtype><attwidth Sync="TRUE">10</attwidth><atprecis Sync="TRUE">10</atprecis><attscale Sync="TRUE">0</attscale></attr><attr><attrlabl Sync="TRUE">UTM_X</attrlabl><attalias Sync="TRUE">UTM_X</attalias><attrtype Sync="TRUE">Double</attrtype><attwidth Sync="TRUE">19</attwidth><atprecis Sync="TRUE">0</atprecis><attscale Sync="TRUE">0</attscale></attr><attr><attrlabl Sync="TRUE">UTM_Y</attrlabl><attalias Sync="TRUE">UTM_Y</attalias><attrtype Sync="TRUE">Double</attrtype><attwidth Sync="TRUE">19</attwidth><atprecis Sync="TRUE">0</atprecis><attscale Sync="TRUE">0</attscale></attr><attr><attrlabl Sync="TRUE">Location_A</attrlabl><attalias Sync="TRUE">Location_A</attalias><attrtype Sync="TRUE">String</attrtype><attwidth Sync="TRUE">254</attwidth><atprecis Sync="TRUE">0</atprecis><attscale Sync="TRUE">0</attscale></attr><attr><attrlabl Sync="TRUE">More_Infor</attrlabl><attalias Sync="TRUE">More_Infor</attalias><attrtype Sync="TRUE">String</attrtype><attwidth Sync="TRUE">254</attwidth><atprecis Sync="TRUE">0</atprecis><attscale Sync="TRUE">0</attscale></attr><attr><attrlabl Sync="TRUE">Location</attrlabl><attalias Sync="TRUE">Location</attalias><attrtype Sync="TRUE">String</attrtype><attwidth Sync="TRUE">254</attwidth><atprecis Sync="TRUE">0</atprecis><attscale Sync="TRUE">0</attscale></attr><attr><attrlabl Sync="TRUE">Latitude</attrlabl><attalias Sync="TRUE">Latitude</attalias><attrtype Sync="TRUE">Double</attrtype><attwidth Sync="TRUE">19</attwidth><atprecis Sync="TRUE">0</atprecis><attscale Sync="TRUE">0</attscale></attr><attr><attrlabl Sync="TRUE">Longitude</attrlabl><attalias Sync="TRUE">Longitude</attalias><attrtype Sync="TRUE">Double</attrtype><attwidth Sync="TRUE">19</attwidth><atprecis Sync="TRUE">0</atprecis><attscale Sync="TRUE">0</attscale></attr></detailed></eainfo><mdDateSt Sync="TRUE">20181206</mdDateSt></metadata>
