<metadata xml:lang="en"><Esri><CreaDate>20181204</CreaDate><CreaTime>14504100</CreaTime><ArcGISFormat>1.0</ArcGISFormat><SyncOnce>FALSE</SyncOnce><DataProperties><itemProps><itemName Sync="TRUE">COSurfaceWaterStations.csv</itemName><imsContentType Sync="TRUE">005</imsContentType><itemLocation><linkage Sync="TRUE">file://\\DESKTOP-2C42L2V\C$\Users\cynth\Documents\Data Science Projects\Regis WaterLytics\Data\COSurfaceWaterStations.csv</linkage><protocol Sync="TRUE">Local Area Network</protocol></itemLocation><itemSize Sync="TRUE">0.000</itemSize></itemProps><lineage><Process ToolSource="c:\program files (x86)\arcgis\desktop10.6\ArcToolbox\Toolboxes\Conversion Tools.tbx\TableToTable" Date="20181204" Time="145042">TableToTable "C:\Users\cynth\Documents\Data Science Projects\Regis WaterLytics\Data\DWR_Surface_Water_Stations2.csv" "C:\Users\cynth\Documents\Data Science Projects\Regis WaterLytics\Data\CO_Water.gdb" SurfWaterStations # "DIV "DIV" true true false 4 Long 0 0 ,First,#,C:\Users\cynth\Documents\Data Science Projects\Regis WaterLytics\Data\DWR_Surface_Water_Stations2.csv,DIV,-1,-1;WD "WD" true true false 4 Long 0 0 ,First,#,C:\Users\cynth\Documents\Data Science Projects\Regis WaterLytics\Data\DWR_Surface_Water_Stations2.csv,WD,-1,-1;County "County" true true false 8000 Text 0 0 ,First,#,C:\Users\cynth\Documents\Data Science Projects\Regis WaterLytics\Data\DWR_Surface_Water_Stations2.csv,County,-1,-1;State "State" true true false 8000 Text 0 0 ,First,#,C:\Users\cynth\Documents\Data Science Projects\Regis WaterLytics\Data\DWR_Surface_Water_Stations2.csv,State,-1,-1;Station_Name "Station Name" true true false 8000 Text 0 0 ,First,#,C:\Users\cynth\Documents\Data Science Projects\Regis WaterLytics\Data\DWR_Surface_Water_Stations2.csv,Station Name,-1,-1;DWR_Abbrev "DWR Abbrev" true true false 8000 Text 0 0 ,First,#,C:\Users\cynth\Documents\Data Science Projects\Regis WaterLytics\Data\DWR_Surface_Water_Stations2.csv,DWR Abbrev,-1,-1;USGS_Station_ID "USGS Station ID" true true false 8 Double 0 0 ,First,#,C:\Users\cynth\Documents\Data Science Projects\Regis WaterLytics\Data\DWR_Surface_Water_Stations2.csv,USGS Station ID,-1,-1;Data_Source "Data Source" true true false 8000 Text 0 0 ,First,#,C:\Users\cynth\Documents\Data Science Projects\Regis WaterLytics\Data\DWR_Surface_Water_Stations2.csv,Data Source,-1,-1;Status "Status" true true false 8000 Text 0 0 ,First,#,C:\Users\cynth\Documents\Data Science Projects\Regis WaterLytics\Data\DWR_Surface_Water_Stations2.csv,Status,-1,-1;POR_Start "POR Start" true true false 4 Long 0 0 ,First,#,C:\Users\cynth\Documents\Data Science Projects\Regis WaterLytics\Data\DWR_Surface_Water_Stations2.csv,POR Start,-1,-1;POR_End "POR End" true true false 4 Long 0 0 ,First,#,C:\Users\cynth\Documents\Data Science Projects\Regis WaterLytics\Data\DWR_Surface_Water_Stations2.csv,POR End,-1,-1;UTM_X "UTM X" true true false 8 Double 0 0 ,First,#,C:\Users\cynth\Documents\Data Science Projects\Regis WaterLytics\Data\DWR_Surface_Water_Stations2.csv,UTM X,-1,-1;UTM_Y "UTM Y" true true false 8 Double 0 0 ,First,#,C:\Users\cynth\Documents\Data Science Projects\Regis WaterLytics\Data\DWR_Surface_Water_Stations2.csv,UTM Y,-1,-1;Location_Accuracy "Location Accuracy" true true false 8000 Text 0 0 ,First,#,C:\Users\cynth\Documents\Data Science Projects\Regis WaterLytics\Data\DWR_Surface_Water_Stations2.csv,Location Accuracy,-1,-1;More_Information "More Information" true true false 8000 Text 0 0 ,First,#,C:\Users\cynth\Documents\Data Science Projects\Regis WaterLytics\Data\DWR_Surface_Water_Stations2.csv,More Information,-1,-1;Location "Location" true true false 8000 Text 0 0 ,First,#,C:\Users\cynth\Documents\Data Science Projects\Regis WaterLytics\Data\DWR_Surface_Water_Stations2.csv,Location,-1,-1;Latitude "Latitude" true true false 8 Double 0 0 ,First,#,C:\Users\cynth\Documents\Data Science Projects\Regis WaterLytics\Data\DWR_Surface_Water_Stations2.csv,Latitude,-1,-1;Longitude "Longitude" true true false 8 Double 0 0 ,First,#,C:\Users\cynth\Documents\Data Science Projects\Regis WaterLytics\Data\DWR_Surface_Water_Stations2.csv,Longitude,-1,-1" #</Process><Process ToolSource="c:\program files (x86)\arcgis\desktop10.6\ArcToolbox\Toolboxes\Conversion Tools.tbx\TableToTable" Date="20181206" Time="123606">TableToTable "C:\Users\cynth\Documents\Data Science Projects\Regis WaterLytics\Data\CO_Water.gdb\SurfWaterStations" "C:\Users\cynth\Documents\Data Science Projects\Regis WaterLytics\Data" COSurfaceWaterStations.csv # "DIV "DIV" true true false 4 Long 0 0 ,First,#,C:\Users\cynth\Documents\Data Science Projects\Regis WaterLytics\Data\CO_Water.gdb\SurfWaterStations,DIV,-1,-1;WD "WD" true true false 4 Long 0 0 ,First,#,C:\Users\cynth\Documents\Data Science Projects\Regis WaterLytics\Data\CO_Water.gdb\SurfWaterStations,WD,-1,-1;County "County" true true false 8000 Text 0 0 ,First,#,C:\Users\cynth\Documents\Data Science Projects\Regis WaterLytics\Data\CO_Water.gdb\SurfWaterStations,County,-1,-1;State "State" true true false 8000 Text 0 0 ,First,#,C:\Users\cynth\Documents\Data Science Projects\Regis WaterLytics\Data\CO_Water.gdb\SurfWaterStations,State,-1,-1;Station_Na "Station Name" true true false 8000 Text 0 0 ,First,#,C:\Users\cynth\Documents\Data Science Projects\Regis WaterLytics\Data\CO_Water.gdb\SurfWaterStations,Station_Name,-1,-1;DWR_Abbrev "DWR Abbrev" true true false 8000 Text 0 0 ,First,#,C:\Users\cynth\Documents\Data Science Projects\Regis WaterLytics\Data\CO_Water.gdb\SurfWaterStations,DWR_Abbrev,-1,-1;USGS_Stati "USGS Station ID" true true false 8 Double 0 0 ,First,#,C:\Users\cynth\Documents\Data Science Projects\Regis WaterLytics\Data\CO_Water.gdb\SurfWaterStations,USGS_Station_ID,-1,-1;Data_Sourc "Data Source" true true false 8000 Text 0 0 ,First,#,C:\Users\cynth\Documents\Data Science Projects\Regis WaterLytics\Data\CO_Water.gdb\SurfWaterStations,Data_Source,-1,-1;Status "Status" true true false 8000 Text 0 0 ,First,#,C:\Users\cynth\Documents\Data Science Projects\Regis WaterLytics\Data\CO_Water.gdb\SurfWaterStations,Status,-1,-1;POR_Start "POR Start" true true false 4 Long 0 0 ,First,#,C:\Users\cynth\Documents\Data Science Projects\Regis WaterLytics\Data\CO_Water.gdb\SurfWaterStations,POR_Start,-1,-1;POR_End "POR End" true true false 4 Long 0 0 ,First,#,C:\Users\cynth\Documents\Data Science Projects\Regis WaterLytics\Data\CO_Water.gdb\SurfWaterStations,POR_End,-1,-1;UTM_X "UTM X" true true false 8 Double 0 0 ,First,#,C:\Users\cynth\Documents\Data Science Projects\Regis WaterLytics\Data\CO_Water.gdb\SurfWaterStations,UTM_X,-1,-1;UTM_Y "UTM Y" true true false 8 Double 0 0 ,First,#,C:\Users\cynth\Documents\Data Science Projects\Regis WaterLytics\Data\CO_Water.gdb\SurfWaterStations,UTM_Y,-1,-1;Location_A "Location Accuracy" true true false 8000 Text 0 0 ,First,#,C:\Users\cynth\Documents\Data Science Projects\Regis WaterLytics\Data\CO_Water.gdb\SurfWaterStations,Location_Accuracy,-1,-1;More_Infor "More Information" true true false 8000 Text 0 0 ,First,#,C:\Users\cynth\Documents\Data Science Projects\Regis WaterLytics\Data\CO_Water.gdb\SurfWaterStations,More_Information,-1,-1;Location "Location" true true false 8000 Text 0 0 ,First,#,C:\Users\cynth\Documents\Data Science Projects\Regis WaterLytics\Data\CO_Water.gdb\SurfWaterStations,Location,-1,-1;Latitude "Latitude" true true false 8 Double 0 0 ,First,#,C:\Users\cynth\Documents\Data Science Projects\Regis WaterLytics\Data\CO_Water.gdb\SurfWaterStations,Latitude,-1,-1;Longitude "Longitude" true true false 8 Double 0 0 ,First,#,C:\Users\cynth\Documents\Data Science Projects\Regis WaterLytics\Data\CO_Water.gdb\SurfWaterStations,Longitude,-1,-1" #</Process></lineage></DataProperties><SyncDate>20181206</SyncDate><SyncTime>12360500</SyncTime><ModDate>20181206</ModDate><ModTime>12360500</ModTime></Esri><dataIdInfo><envirDesc Sync="TRUE"> Version 6.2 (Build 9200) ; Esri ArcGIS 10.6.1.9270</envirDesc><dataLang><languageCode value="eng" Sync="TRUE"></languageCode><countryCode value="USA" Sync="TRUE"></countryCode></dataLang><idCitation><resTitle Sync="TRUE">COSurfaceWaterStations.csv</resTitle><presForm><PresFormCd value="001" Sync="TRUE"></PresFormCd></presForm></idCitation><spatRpType><SpatRepTypCd value="003" Sync="TRUE"></SpatRepTypCd></spatRpType></dataIdInfo><mdLang><languageCode value="eng" Sync="TRUE"></languageCode><countryCode value="USA" Sync="TRUE"></countryCode></mdLang><distInfo><distFormat><formatName Sync="TRUE">Text File</formatName></distFormat><distTranOps><transSize Sync="TRUE">0.000</transSize></distTranOps></distInfo><mdHrLv><ScopeCd value="007" Sync="TRUE"></ScopeCd></mdHrLv><mdHrLvName Sync="TRUE">non-geographic dataset</mdHrLvName><eainfo><detailed Name="COSurfaceWaterStations.csv"><enttyp><enttypl Sync="TRUE">COSurfaceWaterStations.csv</enttypl><enttypt Sync="TRUE">Table</enttypt><enttypc Sync="TRUE">0</enttypc></enttyp><attr><attrlabl Sync="TRUE">OID</attrlabl><attalias Sync="TRUE">OID</attalias><attrtype Sync="TRUE">OID</attrtype><attwidth Sync="TRUE">4</attwidth><atprecis Sync="TRUE">0</atprecis><attscale Sync="TRUE">0</attscale><attrdef Sync="TRUE">Internal feature number.</attrdef><attrdefs Sync="TRUE">Esri</attrdefs><attrdomv><udom Sync="TRUE">Sequential unique whole numbers that are automatically generated.</udom></attrdomv></attr><attr><attrlabl Sync="TRUE">DIV</attrlabl><attalias Sync="TRUE">DIV</attalias><attrtype Sync="TRUE">Integer</attrtype><attwidth Sync="TRUE">4</attwidth><atprecis Sync="TRUE">0</atprecis><attscale Sync="TRUE">0</attscale></attr><attr><attrlabl Sync="TRUE">WD</attrlabl><attalias Sync="TRUE">WD</attalias><attrtype Sync="TRUE">Integer</attrtype><attwidth Sync="TRUE">4</attwidth><atprecis Sync="TRUE">0</atprecis><attscale Sync="TRUE">0</attscale></attr><attr><attrlabl Sync="TRUE">County</attrlabl><attalias Sync="TRUE">County</attalias><attrtype Sync="TRUE">String</attrtype><attwidth Sync="TRUE">8000</attwidth><atprecis Sync="TRUE">0</atprecis><attscale Sync="TRUE">0</attscale></attr><attr><attrlabl Sync="TRUE">State</attrlabl><attalias Sync="TRUE">State</attalias><attrtype Sync="TRUE">String</attrtype><attwidth Sync="TRUE">8000</attwidth><atprecis Sync="TRUE">0</atprecis><attscale Sync="TRUE">0</attscale></attr><attr><attrlabl Sync="TRUE">Station_Na</attrlabl><attalias Sync="TRUE">Station_Na</attalias><attrtype Sync="TRUE">String</attrtype><attwidth Sync="TRUE">8000</attwidth><atprecis Sync="TRUE">0</atprecis><attscale Sync="TRUE">0</attscale></attr><attr><attrlabl Sync="TRUE">DWR_Abbrev</attrlabl><attalias Sync="TRUE">DWR_Abbrev</attalias><attrtype Sync="TRUE">String</attrtype><attwidth Sync="TRUE">8000</attwidth><atprecis Sync="TRUE">0</atprecis><attscale Sync="TRUE">0</attscale></attr><attr><attrlabl Sync="TRUE">USGS_Stati</attrlabl><attalias Sync="TRUE">USGS_Stati</attalias><attrtype Sync="TRUE">Double</attrtype><attwidth Sync="TRUE">8</attwidth><atprecis Sync="TRUE">0</atprecis><attscale Sync="TRUE">0</attscale></attr><attr><attrlabl Sync="TRUE">Data_Sourc</attrlabl><attalias Sync="TRUE">Data_Sourc</attalias><attrtype Sync="TRUE">String</attrtype><attwidth Sync="TRUE">8000</attwidth><atprecis Sync="TRUE">0</atprecis><attscale Sync="TRUE">0</attscale></attr><attr><attrlabl Sync="TRUE">Status</attrlabl><attalias Sync="TRUE">Status</attalias><attrtype Sync="TRUE">String</attrtype><attwidth Sync="TRUE">8000</attwidth><atprecis Sync="TRUE">0</atprecis><attscale Sync="TRUE">0</attscale></attr><attr><attrlabl Sync="TRUE">POR_Start</attrlabl><attalias Sync="TRUE">POR_Start</attalias><attrtype Sync="TRUE">Integer</attrtype><attwidth Sync="TRUE">4</attwidth><atprecis Sync="TRUE">0</atprecis><attscale Sync="TRUE">0</attscale></attr><attr><attrlabl Sync="TRUE">POR_End</attrlabl><attalias Sync="TRUE">POR_End</attalias><attrtype Sync="TRUE">Integer</attrtype><attwidth Sync="TRUE">4</attwidth><atprecis Sync="TRUE">0</atprecis><attscale Sync="TRUE">0</attscale></attr><attr><attrlabl Sync="TRUE">UTM_X</attrlabl><attalias Sync="TRUE">UTM_X</attalias><attrtype Sync="TRUE">Double</attrtype><attwidth Sync="TRUE">8</attwidth><atprecis Sync="TRUE">0</atprecis><attscale Sync="TRUE">0</attscale></attr><attr><attrlabl Sync="TRUE">UTM_Y</attrlabl><attalias Sync="TRUE">UTM_Y</attalias><attrtype Sync="TRUE">Double</attrtype><attwidth Sync="TRUE">8</attwidth><atprecis Sync="TRUE">0</atprecis><attscale Sync="TRUE">0</attscale></attr><attr><attrlabl Sync="TRUE">Location_A</attrlabl><attalias Sync="TRUE">Location_A</attalias><attrtype Sync="TRUE">String</attrtype><attwidth Sync="TRUE">8000</attwidth><atprecis Sync="TRUE">0</atprecis><attscale Sync="TRUE">0</attscale></attr><attr><attrlabl Sync="TRUE">More_Infor</attrlabl><attalias Sync="TRUE">More_Infor</attalias><attrtype Sync="TRUE">String</attrtype><attwidth Sync="TRUE">8000</attwidth><atprecis Sync="TRUE">0</atprecis><attscale Sync="TRUE">0</attscale></attr><attr><attrlabl Sync="TRUE">Location</attrlabl><attalias Sync="TRUE">Location</attalias><attrtype Sync="TRUE">String</attrtype><attwidth Sync="TRUE">8000</attwidth><atprecis Sync="TRUE">0</atprecis><attscale Sync="TRUE">0</attscale></attr><attr><attrlabl Sync="TRUE">Latitude</attrlabl><attalias Sync="TRUE">Latitude</attalias><attrtype Sync="TRUE">Double</attrtype><attwidth Sync="TRUE">8</attwidth><atprecis Sync="TRUE">0</atprecis><attscale Sync="TRUE">0</attscale></attr><attr><attrlabl Sync="TRUE">Longitude</attrlabl><attalias Sync="TRUE">Longitude</attalias><attrtype Sync="TRUE">Double</attrtype><attwidth Sync="TRUE">8</attwidth><atprecis Sync="TRUE">0</atprecis><attscale Sync="TRUE">0</attscale></attr></detailed></eainfo><mdDateSt Sync="TRUE">20181206</mdDateSt></metadata>
